Order_ID,Order_Date,Region,Sales_Channel,Product_Category,Payment_Method,Units_Sold,Unit_Price,Discount,Customer_Rating,Delivery_Days,Inventory_Available,Gross_Sales,Net_Sales,Cost,Profit,Profit_Margin
RET-50001,2023-01-01 00:00:00.000000000,North,Online,Office Supplies,Cash,12,3121.67,0.05,3.6,6.0,168,37460.04,35587.04,25800.94,9786.1,27.5
RET-50002,2023-01-01 19:29:17.953281423,East,Store,Furniture,Credit Card,3,1929.63,0.2,3.5,3.0,76,5788.89,4631.11,3165.63,1465.48,31.64
RET-50003,2023-01-02 14:58:35.906562847,South,Store,Office Supplies,Debit Card,1,667.28,0.15,4.2,6.0,183,667.28,567.19,462.92,104.27,18.38
RET-50004,2023-01-03 10:27:53.859844271,North,Store,Office Supplies,UPI,9,1536.47,0.05,3.5,4.0,199,13828.23,13136.82,6585.2,6551.62,49.87
RET-50005,2023-01-04 05:57:11.813125695,West,Wholesale,Office Supplies,Net Banking,6,2591.62,0.1,3.8,3.0,13,15549.72,13994.75,7229.23,6765.52,48.34
RET-50006,2023-01-05 01:26:29.766407119,South,Store,Electronics,Credit Card,7,1133.0,0.05,4.3,7.0,52,7931.0,7534.45,6143.85,1390.6,18.46
RET-50007,2023-01-05 20:55:47.719688542,East,Wholesale,Furniture,Net Banking,2,1305.2,0.15,3.0,4.0,10,2610.4,2218.84,1491.8,727.04,32.77
RET-50008,2023-01-06 16:25:05.672969966,East,Online,Beauty,Debit Card,6,398.92,0.1,4.3,3.0,128,2393.52,2154.17,1306.63,847.54,39.34
RET-50009,2023-01-07 11:54:23.626251390,South,Online,Clothing,Credit Card,10,688.18,0.1,4.4,5.0,102,6881.8,6193.62,4956.0,1237.62,19.98
RET-50010,2023-01-08 07:23:41.579532814,South,Online,Clothing,UPI,5,360.92,0.05,3.9,9.0,132,1804.6,1714.37,1353.23,361.14,21.07
RET-50011,2023-01-09 02:52:59.532814238,North,Store,Clothing,Net Banking,12,4165.04,0.0,4.6,5.0,211,49980.48,49980.48,38990.64,10989.84,21.99
RET-50012,2023-01-09 22:22:17.486095661,South,Online,Beauty,Cash,12,1631.55,0.05,3.7,5.0,137,19578.6,18599.67,9109.12,9490.55,51.03
RET-50013,2023-01-10 17:51:35.439377085,West,Store,Furniture,Cash,10,1922.01,0.1,3.9,1.0,232,19220.1,17298.09,10701.41,6596.68,38.14
RET-50014,2023-01-11 13:20:53.392658509,West,Online,Beauty,Net Banking,13,1051.87,0.15,2.9,8.0,186,13674.31,11623.16,8868.56,2754.6,23.7
RET-50015,2023-01-12 08:50:11.345939933,East,Wholesale,Beauty,Net Banking,11,464.35,0.05,2.2,2.0,77,5107.85,4852.46,3025.4,1827.06,37.65
RET-50016,2023-01-13 04:19:29.299221357,East,Online,Office Supplies,Debit Card,3,1345.42,0.1,3.4,5.0,61,4036.26,3632.63,2597.13,1035.5,28.51
RET-50017,2023-01-13 23:48:47.252502780,West,Online,Electronics,Credit Card,13,793.43,0.15,4.0,4.0,16,10314.59,8767.4,6660.65,2106.75,24.03
RET-50018,2023-01-14 19:18:05.205784204,North,Online,Office Supplies,Cash,10,638.86,0.05,4.1,4.0,157,6388.6,6069.17,4308.13,1761.04,29.02
RET-50019,2023-01-15 14:47:23.159065628,East,Store,Office Supplies,UPI,2,1244.01,0.1,3.9,5.0,170,2488.02,2239.22,1288.68,950.54,42.45
RET-50020,2023-01-16 10:16:41.112347052,North,Store,Office Supplies,Net Banking,5,1288.79,0.15,3.9,2.0,93,6443.95,5477.36,3966.82,1510.54,27.58
RET-50021,2023-01-17 05:45:59.065628476,East,Store,Clothing,Cash,3,1067.16,0.1,4.0,4.0,93,3201.48,2881.33,2306.36,574.97,19.96
RET-50022,2023-01-18 01:15:17.018909900,East,Online,Beauty,Debit Card,14,725.46,0.0,4.1,3.0,203,10156.44,10156.44,6350.3,3806.14,37.48
RET-50023,2023-01-18 20:44:34.972191323,North,Online,Office Supplies,Debit Card,11,632.24,0.1,3.6,2.0,211,6954.64,6259.18,3662.57,2596.61,41.48
RET-50024,2023-01-19 16:13:52.925472747,East,Online,Clothing,Net Banking,13,1204.94,0.0,3.0,4.0,164,15664.22,15664.22,10937.95,4726.27,30.17
RET-50025,2023-01-20 11:43:10.878754171,East,Online,Clothing,UPI,4,2656.31,0.05,4.5,6.0,134,10625.24,10093.98,5680.08,4413.9,43.73
RET-50026,2023-01-21 07:12:28.832035595,North,Store,Electronics,Net Banking,9,422.96,0.15,3.2,5.0,244,3806.64,3235.64,1922.05,1313.59,40.6
RET-50027,2023-01-22 02:41:46.785317019,West,Store,Clothing,Debit Card,9,782.82,0.1,5.0,3.0,118,7045.38,6340.84,3847.94,2492.9,39.31
RET-50028,2023-01-22 22:11:04.738598442,North,Online,Clothing,UPI,11,1079.81,0.0,3.4,6.0,75,11877.91,11877.91,9085.85,2792.06,23.51
RET-50029,2023-01-23 17:40:22.691879866,West,Online,Office Supplies,Net Banking,2,1082.36,0.1,3.8,8.0,208,2164.72,1948.25,1428.78,519.47,26.66
RET-50030,2023-01-24 13:09:40.645161290,South,Wholesale,Electronics,Debit Card,8,816.3,0.1,4.6,2.0,21,6530.4,5877.36,4533.48,1343.88,22.87
RET-50031,2023-01-25 08:38:58.598442714,South,Wholesale,Electronics,Credit Card,10,4203.22,0.15,3.7,2.0,179,42032.2,35727.37,17190.76,18536.61,51.88
RET-50032,2023-01-26 04:08:16.551724138,West,Online,Furniture,Net Banking,12,1556.11,0.1,3.3,8.0,164,18673.32,16805.99,9105.03,7700.96,45.82
RET-50033,2023-01-26 23:37:34.505005561,South,Store,Furniture,Net Banking,10,632.44,0.15,3.9,3.0,81,6324.4,5375.74,4249.47,1126.27,20.95
RET-50034,2023-01-27 19:06:52.458286985,West,Online,Beauty,Cash,7,353.08,0.1,4.6,6.0,68,2471.56,2224.4,1519.81,704.59,31.68
RET-50035,2023-01-28 14:36:10.411568409,East,Store,Office Supplies,Credit Card,7,1072.96,0.0,4.0,3.0,38,7510.72,7510.72,6022.12,1488.6,19.82
RET-50036,2023-01-29 10:05:28.364849833,West,Online,Clothing,Credit Card,5,3139.23,0.1,3.9,5.0,72,15696.15,14126.54,8646.14,5480.4,38.8
RET-50037,2023-01-30 05:34:46.318131257,North,Store,Beauty,Net Banking,3,1360.18,0.0,4.0,6.0,22,4080.54,4080.54,2240.21,1840.33,45.1
RET-50038,2023-01-31 01:04:04.271412681,East,Online,Beauty,Cash,4,266.32,0.05,4.8,2.0,233,1065.28,1012.02,707.48,304.54,30.09
RET-50039,2023-01-31 20:33:22.224694104,South,Store,Beauty,Debit Card,3,490.32,0.05,3.2,7.0,145,1470.96,1397.41,769.01,628.4,44.97
RET-50040,2023-02-01 16:02:40.177975528,West,Store,Electronics,Credit Card,4,1299.81,0.1,4.2,3.0,46,5199.24,4679.32,2694.11,1985.21,42.43
RET-50041,2023-02-02 11:31:58.131256952,South,Store,Furniture,Credit Card,12,2401.92,0.05,5.0,4.0,34,28823.04,27381.89,16971.05,10410.84,38.02
RET-50042,2023-02-03 07:01:16.084538376,West,Online,Beauty,Credit Card,8,1315.24,0.05,4.0,4.0,146,10521.92,9995.82,7366.04,2629.78,26.31
RET-50043,2023-02-04 02:30:34.037819800,West,Store,Clothing,Cash,2,1322.29,0.15,4.6,5.0,172,2644.58,2247.89,1493.73,754.16,33.55
RET-50044,2023-02-04 21:59:51.991101223,West,Online,Office Supplies,Cash,7,2410.34,0.0,3.6,5.0,51,16872.38,16872.38,11345.11,5527.27,32.76
RET-50045,2023-02-05 17:29:09.944382647,North,Online,Clothing,Cash,4,2715.26,0.1,3.7,3.0,12,10861.04,9774.94,6309.68,3465.26,35.45
RET-50046,2023-02-06 12:58:27.897664071,South,Online,Furniture,UPI,10,773.04,0.1,4.1,7.0,145,7730.4,6957.36,5586.28,1371.08,19.71
RET-50047,2023-02-07 08:27:45.850945495,North,Online,Beauty,Net Banking,12,1595.28,0.0,4.0,4.0,144,19143.36,19143.36,15678.37,3464.99,18.1
RET-50048,2023-02-08 03:57:03.804226919,North,Store,Beauty,Cash,1,644.05,0.1,3.4,5.0,26,644.05,579.64,376.94,202.7,34.97
RET-50049,2023-02-08 23:26:21.757508342,North,Wholesale,Office Supplies,Debit Card,7,596.04,0.05,4.6,6.0,141,4172.28,3963.67,2629.29,1334.38,33.67
RET-50050,2023-02-09 18:55:39.710789766,West,Online,Electronics,Debit Card,7,1759.0,0.15,3.7,4.0,211,12313.0,10466.05,5050.52,5415.53,51.74
RET-50051,2023-02-10 14:24:57.664071190,West,Online,Beauty,Net Banking,14,475.73,0.0,4.5,5.0,129,6660.22,6660.22,4925.05,1735.17,26.05
RET-50052,2023-02-11 09:54:15.617352614,West,Online,Electronics,Debit Card,6,1340.09,0.0,4.0,6.0,186,8040.54,8040.54,5773.5,2267.04,28.2
RET-50053,2023-02-12 05:23:33.570634038,North,Online,Furniture,Credit Card,3,1471.9,0.1,4.9,2.0,38,4415.7,3974.13,2011.35,1962.78,49.39
RET-50054,2023-02-13 00:52:51.523915461,South,Online,Furniture,Credit Card,3,2100.46,0.1,3.9,4.0,140,6301.38,5671.24,2973.2,2698.04,47.57
RET-50055,2023-02-13 20:22:09.477196885,West,Wholesale,Electronics,UPI,7,568.1,0.15,3.5,8.0,180,3976.7,3380.2,1688.11,1692.09,50.06
RET-50056,2023-02-14 15:51:27.430478309,East,Wholesale,Beauty,Debit Card,9,1537.03,0.1,4.8,3.0,166,13833.27,12449.94,7796.04,4653.9,37.38
RET-50057,2023-02-15 11:20:45.383759733,North,Online,Clothing,UPI,5,1106.05,0.2,3.1,7.0,234,5530.25,4424.2,2977.53,1446.67,32.7
RET-50058,2023-02-16 06:50:03.337041157,North,Store,Clothing,Net Banking,7,3152.7,0.1,3.8,7.0,238,22068.9,19862.01,10067.66,9794.35,49.31
RET-50059,2023-02-17 02:19:21.290322580,East,Online,Office Supplies,Cash,10,740.47,0.2,3.8,7.0,25,7404.7,5923.76,4757.02,1166.74,19.7
RET-50060,2023-02-17 21:48:39.243604004,East,Store,Beauty,Cash,5,583.22,0.15,4.7,6.0,14,2916.1,2478.68,1234.39,1244.29,50.2
RET-50061,2023-02-18 17:17:57.196885428,West,Online,Furniture,Cash,14,,0.15,4.3,4.0,205,23255.12,19766.85,10534.8,9232.05,46.7
RET-50062,2023-02-19 12:47:15.150166852,North,Store,Clothing,Net Banking,3,688.01,0.0,4.1,5.0,141,2064.03,2064.03,1544.36,519.67,25.18
RET-50063,2023-02-20 08:16:33.103448276,North,Store,Office Supplies,Net Banking,14,517.38,0.15,5.0,7.0,123,7243.32,6156.82,4324.62,1832.2,29.76
RET-50064,2023-02-21 03:45:51.056729699,North,Store,Beauty,Net Banking,13,2168.14,0.1,4.1,2.0,53,28185.82,25367.24,19501.42,5865.82,23.12
RET-50065,2023-02-21 23:15:09.010011123,South,Store,Clothing,Credit Card,14,1587.36,0.0,3.2,7.0,107,22223.04,22223.04,17523.45,4699.59,21.15
RET-50066,2023-02-22 18:44:26.963292547,West,Wholesale,Beauty,Cash,12,158.8,0.0,3.3,4.0,42,1905.6,1905.6,1551.84,353.76,18.56
RET-50067,2023-02-23 14:13:44.916573971,West,Store,Furniture,Debit Card,8,659.47,0.0,3.1,8.0,114,5275.76,5275.76,3623.21,1652.55,31.32
RET-50068,2023-02-24 09:43:02.869855395,East,Store,Office Supplies,UPI,9,583.97,0.1,4.0,8.0,171,5255.73,4730.16,3194.36,1535.8,32.47
RET-50069,2023-02-25 05:12:20.823136819,West,Online,Office Supplies,Credit Card,3,1824.21,0.0,4.0,6.0,222,5472.63,5472.63,2654.68,2817.95,51.49
RET-50070,2023-02-26 00:41:38.776418243,East,Store,Beauty,Cash,5,3125.17,0.05,4.2,6.0,57,15625.85,14844.56,9515.98,5328.58,35.9
RET-50071,2023-02-26 20:10:56.729699666,East,Online,Beauty,Debit Card,7,4572.67,0.0,4.2,3.0,59,32008.69,32008.69,18425.63,13583.06,42.44
RET-50072,2023-02-27 15:40:14.682981090,South,Store,Beauty,Debit Card,14,1898.95,0.0,4.1,6.0,23,26585.3,26585.3,13320.03,13265.27,49.9
RET-50073,2023-02-28 11:09:32.636262514,North,Online,Electronics,UPI,12,588.55,0.0,5.0,5.0,166,7062.6,7062.6,4879.3,2183.3,30.91
RET-50074,2023-03-01 06:38:50.589543938,West,Online,Electronics,Cash,8,575.22,0.0,4.2,6.0,215,4601.76,4601.76,2279.71,2322.05,50.46
RET-50075,2023-03-02 02:08:08.542825362,West,Online,Furniture,Debit Card,9,646.0,0.15,3.5,7.0,90,5814.0,4941.9,3430.67,1511.23,30.58
RET-50076,2023-03-02 21:37:26.496106785,South,Online,Clothing,Debit Card,7,1649.44,0.1,3.7,4.0,86,11546.08,10391.47,8390.55,2000.92,19.26
RET-50077,2023-03-03 17:06:44.449388209,North,Wholesale,Electronics,Net Banking,6,2731.48,0.1,3.7,3.0,175,16388.88,14749.99,9170.36,5579.63,37.83
RET-50078,2023-03-04 12:36:02.402669633,North,Store,Office Supplies,UPI,13,345.0,0.2,4.0,4.0,103,4485.0,3588.0,2522.01,1065.99,29.71
RET-50079,2023-03-05 08:05:20.355951057,South,Online,Electronics,Debit Card,1,1783.06,0.1,3.1,5.0,72,1783.06,1604.75,775.39,829.36,51.68
RET-50080,2023-03-06 03:34:38.309232481,North,Wholesale,Electronics,Debit Card,5,2193.35,0.15,4.7,4.0,237,10966.75,9321.74,5601.69,3720.05,39.91
RET-50081,2023-03-06 23:03:56.262513904,North,Wholesale,Beauty,Cash,6,1473.59,0.1,3.2,5.0,188,8841.54,7957.39,4118.2,3839.19,48.25
RET-50082,2023-03-07 18:33:14.215795328,North,Store,Office Supplies,UPI,10,9834.26,0.05,4.3,5.0,207,98342.6,93425.47,52911.04,40514.43,43.37
RET-50083,2023-03-08 14:02:32.169076752,North,Online,Clothing,UPI,6,1699.33,0.1,4.6,4.0,145,10195.98,9176.38,4482.11,4694.27,51.16
RET-50084,2023-03-09 09:31:50.122358176,East,Online,Electronics,Cash,5,1225.61,0.05,4.5,7.0,67,6128.05,5821.65,3767.69,2053.96,35.28
RET-50085,2023-03-10 05:01:08.075639600,South,Wholesale,Furniture,Cash,2,1784.54,0.0,4.1,3.0,233,3569.08,3569.08,2656.4,912.68,25.57
RET-50086,2023-03-11 00:30:26.028921023,West,Store,Office Supplies,Debit Card,4,842.49,0.0,4.0,6.0,154,3369.96,3369.96,2455.93,914.03,27.12
RET-50087,2023-03-11 19:59:43.982202447,West,Online,Beauty,Credit Card,2,587.31,0.15,5.0,5.0,102,1174.62,998.43,813.27,185.16,18.55
RET-50088,2023-03-12 15:29:01.935483871,East,Online,Electronics,Net Banking,10,1578.92,0.05,4.5,4.0,152,15789.2,14999.74,11797.84,3201.9,21.35
RET-50089,2023-03-13 10:58:19.888765295,North,Store,Office Supplies,Net Banking,6,2540.04,0.15,3.2,6.0,238,15240.24,12954.2,9331.51,3622.69,27.97
RET-50090,2023-03-14 06:27:37.842046719,South,Online,Beauty,UPI,4,1030.06,0.05,4.4,1.0,229,4120.24,3914.23,2890.57,1023.66,26.15
RET-50091,2023-03-15 01:56:55.795328142,West,Store,Electronics,Credit Card,8,2190.3,0.0,3.3,5.0,20,17522.4,17522.4,11882.2,5640.2,32.19
RET-50092,2023-03-15 21:26:13.748609566,North,Wholesale,Electronics,Credit Card,7,939.95,0.1,4.5,5.0,200,6579.65,5921.68,2878.13,3043.55,51.4
RET-50093,2023-03-16 16:55:31.701890990,North,Online,Clothing,Cash,7,3465.05,0.0,4.5,4.0,16,24255.35,24255.35,17952.34,6303.01,25.99
RET-50094,2023-03-17 12:24:49.655172414,West,Store,Furniture,UPI,9,1379.79,0.1,5.0,4.0,123,12418.11,11176.3,7698.3,3478.0,31.12
RET-50095,2023-03-18 07:54:07.608453838,East,Wholesale,Office Supplies,Credit Card,9,1698.3,0.05,4.1,3.0,97,15284.7,14520.46,11577.33,2943.13,20.27
RET-50096,2023-03-19 03:23:25.561735261,North,Store,Beauty,UPI,3,1974.53,0.15,3.9,2.0,231,5923.59,5035.05,2735.87,2299.18,45.66
RET-50097,2023-03-19 22:52:43.515016685,West,Online,Beauty,UPI,3,498.31,0.0,3.8,2.0,108,1494.93,1494.93,1191.23,303.7,20.32
RET-50098,2023-03-20 18:22:01.468298109,East,Online,Office Supplies,Credit Card,11,1066.03,0.0,4.4,4.0,115,11726.33,11726.33,6277.02,5449.31,46.47
RET-50099,2023-03-21 13:51:19.421579533,East,Store,Office Supplies,UPI,14,3969.6,0.0,4.4,1.0,89,55574.4,55574.4,27890.76,27683.64,49.81
RET-50100,2023-03-22 09:20:37.374860957,South,Store,Furniture,UPI,8,1228.8,0.15,4.3,3.0,89,9830.4,8355.84,5808.67,2547.17,30.48
RET-50101,2023-03-23 04:49:55.328142380,South,Store,Office Supplies,Credit Card,7,2986.24,0.05,4.8,6.0,174,20903.68,19858.5,11720.83,8137.67,40.98
RET-50102,2023-03-24 00:19:13.281423804,West,Store,Electronics,Credit Card,9,2131.83,0.1,4.4,4.0,114,19186.47,17267.82,11415.78,5852.04,33.89
RET-50103,2023-03-24 19:48:31.234705228,South,Store,Beauty,Debit Card,1,365.79,0.05,3.1,2.0,98,365.79,347.5,211.37,136.13,39.17
RET-50104,2023-03-25 15:17:49.187986652,East,Store,Clothing,Debit Card,6,1900.49,0.0,3.7,7.0,62,11402.94,11402.94,6173.21,5229.73,45.86
RET-50105,2023-03-26 10:47:07.141268076,,Online,Office Supplies,Net Banking,6,591.52,0.0,4.1,3.0,201,3549.12,3549.12,2737.62,811.5,22.86
RET-50106,2023-03-27 06:16:25.094549499,South,Store,Clothing,Debit Card,6,1422.08,0.1,4.3,,128,8532.48,7679.23,5781.21,1898.02,24.72
RET-50107,2023-03-28 01:45:43.047830923,East,Wholesale,Electronics,Net Banking,11,915.93,0.1,3.3,3.0,234,10075.23,9067.71,5235.2,3832.51,42.27
RET-50108,2023-03-28 21:15:01.001112347,South,Online,Electronics,UPI,7,1217.09,0.2,4.8,6.0,169,8519.63,6815.7,4045.51,2770.19,40.64
RET-50109,2023-03-29 16:44:18.954393771,South,Store,Beauty,UPI,12,1145.97,0.15,3.8,5.0,248,13751.64,11688.89,8653.8,3035.09,25.97
RET-50110,2023-03-30 12:13:36.907675195,East,Online,Beauty,UPI,7,1405.03,0.15,4.6,4.0,36,9835.21,8359.93,5308.54,3051.39,36.5
RET-50111,2023-03-31 07:42:54.860956619,West,Online,Furniture,Cash,1,896.66,0.0,4.6,6.0,85,896.66,896.66,643.93,252.73,28.19
RET-50112,2023-04-01 03:12:12.814238042,East,Online,Electronics,UPI,10,498.67,0.1,3.6,,248,4986.7,4488.03,3553.81,934.22,20.82
RET-50113,2023-04-01 22:41:30.767519466,North,Store,Beauty,Credit Card,12,622.41,0.0,4.5,5.0,229,7468.92,7468.92,5710.43,1758.49,23.54
RET-50114,2023-04-02 18:10:48.720800890,North,Store,Office Supplies,Cash,9,2176.85,0.15,4.8,3.0,14,19591.65,16652.9,11377.03,5275.87,31.68
RET-50115,2023-04-03 13:40:06.674082314,East,Store,Electronics,Credit Card,14,3681.21,0.05,4.1,5.0,194,51536.94,48960.09,36618.04,12342.05,25.21
RET-50116,2023-04-04 09:09:24.627363738,South,Online,Electronics,Credit Card,6,1395.84,0.05,4.5,3.0,62,8375.04,7956.29,4320.67,3635.62,45.69
RET-50117,2023-04-05 04:38:42.580645161,North,Online,Office Supplies,Debit Card,12,2074.7,0.05,3.3,5.0,125,24896.4,23651.58,18131.74,5519.84,23.34
RET-50118,2023-04-06 00:08:00.533926585,West,Online,Clothing,Net Banking,1,2264.32,0.0,3.3,1.0,19,2264.32,2264.32,1278.48,985.84,43.54
RET-50119,2023-04-06 19:37:18.487208009,South,Wholesale,Furniture,Credit Card,1,493.88,0.2,4.3,5.0,76,493.88,395.1,246.47,148.63,37.62
RET-50120,2023-04-07 15:06:36.440489433,South,Online,Beauty,Credit Card,12,355.26,0.1,,6.0,249,4263.12,3836.81,2635.99,1200.82,31.3
RET-50121,2023-04-08 10:35:54.393770857,East,Store,Beauty,Net Banking,13,1160.68,0.1,3.6,5.0,58,15088.84,13579.96,8016.89,5563.07,40.97
RET-50122,2023-04-09 06:05:12.347052280,East,Online,Furniture,Cash,8,350.75,0.15,4.0,4.0,191,2806.0,2385.1,1815.34,569.76,23.89
RET-50123,2023-04-10 01:34:30.300333704,North,Store,Electronics,Credit Card,11,1005.22,0.1,4.5,4.0,99,11057.42,9951.68,6787.83,3163.85,31.79
RET-50124,2023-04-10 21:03:48.253615128,South,Wholesale,Clothing,Cash,5,459.08,0.15,4.9,4.0,53,2295.4,1951.09,1566.54,384.55,19.71
RET-50125,2023-04-11 16:33:06.206896552,West,Online,Furniture,Credit Card,11,799.87,0.15,4.7,1.0,37,8798.57,7478.78,4299.16,3179.62,42.52
RET-50126,2023-04-12 12:02:24.160177976,East,Store,Clothing,Cash,7,736.42,0.0,3.2,6.0,127,5154.94,5154.94,3701.95,1452.99,28.19
RET-50127,2023-04-13 07:31:42.113459399,North,Online,Furniture,UPI,5,1682.57,0.1,3.8,5.0,105,8412.85,7571.56,4030.93,3540.63,46.76
RET-50128,2023-04-14 03:01:00.066740823,West,Wholesale,Beauty,Debit Card,2,787.9,0.0,4.3,3.0,150,1575.8,1575.8,848.3,727.5,46.17
RET-50129,2023-04-14 22:30:18.020022247,North,Wholesale,Clothing,Cash,3,569.09,0.05,3.8,4.0,149,1707.27,1621.91,1062.85,559.06,34.47
RET-50130,2023-04-15 17:59:35.973303670,North,Online,Office Supplies,Credit Card,13,1238.68,0.05,4.3,7.0,229,16102.84,15297.7,12028.66,3269.04,21.37
RET-50131,2023-04-16 13:28:53.926585094,North,Online,Electronics,Debit Card,7,8256.42,0.15,3.4,2.0,78,57794.94,49125.7,31469.21,17656.49,35.94
RET-50132,2023-04-17 08:58:11.879866518,West,Store,Office Supplies,UPI,14,1653.06,0.05,3.4,5.0,54,23142.84,21985.7,14723.81,7261.89,33.03
RET-50133,2023-04-18 04:27:29.833147942,North,Wholesale,Clothing,UPI,5,338.96,0.1,5.0,6.0,226,1694.8,1525.32,1225.24,300.08,19.67
RET-50134,2023-04-18 23:56:47.786429366,West,Store,Electronics,UPI,1,1273.38,0.1,3.7,3.0,143,1273.38,1146.04,629.43,516.61,45.08
RET-50135,2023-04-19 19:26:05.739710790,East,Store,Beauty,Net Banking,4,6382.34,0.15,4.0,5.0,189,25529.36,21699.96,16623.52,5076.44,23.39
RET-50136,2023-04-20 14:55:23.692992214,East,Store,Electronics,Debit Card,6,1339.46,0.15,4.8,3.0,135,8036.76,6831.25,5054.76,1776.49,26.01
RET-50137,2023-04-21 10:24:41.646273638,West,Online,Office Supplies,UPI,10,2758.69,0.0,4.0,7.0,232,27586.9,27586.9,19494.41,8092.49,29.33
RET-50138,2023-04-22 05:53:59.599555062,North,Online,Electronics,Net Banking,11,2469.2,0.15,4.9,4.0,99,27161.2,23087.02,14060.09,9026.93,39.1
RET-50139,2023-04-23 01:23:17.552836486,West,Online,Electronics,Credit Card,11,2598.06,0.0,5.0,3.0,19,28578.66,28578.66,22132.92,6445.74,22.55
RET-50140,2023-04-23 20:52:35.506117908,West,Online,Electronics,Credit Card,5,2375.81,0.1,4.2,5.0,141,11879.05,10691.14,8656.79,2034.35,19.03
RET-50141,2023-04-24 16:21:53.459399332,West,Online,Furniture,Net Banking,6,1442.02,0.0,5.0,1.0,91,8652.12,8652.12,5286.6,3365.52,38.9
RET-50142,2023-04-25 11:51:11.412680756,East,Wholesale,Office Supplies,Net Banking,8,1064.51,0.0,3.8,4.0,231,8516.08,8516.08,5295.31,3220.77,37.82
RET-50143,2023-04-26 07:20:29.365962180,West,Store,Electronics,Net Banking,9,1001.27,0.15,2.5,4.0,103,9011.43,7659.72,5593.66,2066.06,26.97
RET-50144,2023-04-27 02:49:47.319243604,South,Wholesale,Beauty,Credit Card,6,1297.58,0.15,4.3,8.0,177,7785.48,6617.66,4356.59,2261.07,34.17
RET-50145,2023-04-27 22:19:05.272525028,North,Online,Beauty,Cash,3,1583.91,0.1,4.4,6.0,40,4751.73,4276.56,2353.18,1923.38,44.97
RET-50146,2023-04-28 17:48:23.225806452,North,Online,Beauty,Net Banking,11,523.68,0.0,3.2,6.0,136,5760.48,5760.48,4508.2,1252.28,21.74
RET-50147,2023-04-29 13:17:41.179087876,West,Online,Electronics,Debit Card,8,1000.02,0.05,3.2,3.0,14,8000.16,7600.15,5393.95,2206.2,29.03
RET-50148,2023-04-30 08:46:59.132369300,South,Online,Furniture,Net Banking,14,1168.78,0.05,3.5,2.0,57,16362.92,15544.77,9792.58,5752.19,37.0
RET-50149,2023-05-01 04:16:17.085650724,North,Store,Electronics,Net Banking,14,1287.15,0.05,3.0,2.0,113,18020.1,17119.09,10615.37,6503.72,37.99
RET-50150,2023-05-01 23:45:35.038932146,North,Store,Office Supplies,UPI,13,981.2,0.0,4.0,6.0,62,12755.6,12755.6,8856.89,3898.71,30.56
RET-50151,2023-05-02 19:14:52.992213570,West,Store,Office Supplies,Net Banking,14,2026.85,0.05,3.6,3.0,237,28375.9,26957.1,15772.2,11184.9,41.49
RET-50152,2023-05-03 14:44:10.945494994,South,Wholesale,Beauty,Cash,9,1121.57,0.0,5.0,2.0,149,10094.13,10094.13,6970.63,3123.5,30.94
RET-50153,2023-05-04 10:13:28.898776418,South,Online,Beauty,Cash,5,940.15,0.0,4.8,6.0,208,4700.75,4700.75,2443.1,2257.65,48.03
RET-50154,2023-05-05 05:42:46.852057842,North,Wholesale,Electronics,Net Banking,3,537.06,0.15,3.9,6.0,130,1611.18,1369.5,839.61,529.89,38.69
RET-50155,2023-05-06 01:12:04.805339266,West,Wholesale,Beauty,Net Banking,2,723.98,0.1,3.9,4.0,215,1447.96,1303.16,983.4,319.76,24.54
RET-50156,2023-05-06 20:41:22.758620690,East,Online,Office Supplies,Credit Card,14,1393.15,0.15,5.0,4.0,220,19504.1,16578.48,8740.33,7838.15,47.28
RET-50157,2023-05-07 16:10:40.711902114,West,Store,Furniture,Credit Card,4,1296.65,0.1,4.6,4.0,128,5186.6,4667.94,3352.52,1315.42,28.18
RET-50158,2023-05-08 11:39:58.665183538,East,Store,Office Supplies,Debit Card,1,,0.05,3.1,3.0,166,318.91,302.96,218.97,83.99,27.72
RET-50159,2023-05-09 07:09:16.618464962,East,Online,Beauty,UPI,1,2188.29,0.1,4.2,3.0,213,2188.29,1969.46,1441.62,527.84,26.8
RET-50160,2023-05-10 02:38:34.571746384,North,Online,Beauty,Net Banking,5,760.05,0.15,4.3,5.0,82,3800.25,3230.21,1586.18,1644.03,50.9
RET-50161,2023-05-10 22:07:52.525027808,South,Online,Office Supplies,UPI,14,667.69,0.15,4.2,4.0,126,9347.66,7945.51,6046.41,1899.1,23.9
RET-50162,2023-05-11 17:37:10.478309232,East,Wholesale,Clothing,Debit Card,4,2476.59,0.05,4.7,3.0,204,9906.36,9411.04,5349.24,4061.8,43.16
RET-50163,2023-05-12 13:06:28.431590656,East,Online,Office Supplies,Net Banking,2,2556.14,0.15,3.8,6.0,81,5112.28,4345.44,2342.2,2003.24,46.1
RET-50164,2023-05-13 08:35:46.384872080,North,Online,Clothing,Cash,10,755.71,0.1,2.9,8.0,93,7557.1,6801.39,3504.88,3296.51,48.47
RET-50165,2023-05-14 04:05:04.338153504,North,Online,Office Supplies,Debit Card,1,952.34,0.0,4.7,3.0,15,952.34,952.34,650.35,301.99,31.71
RET-50166,2023-05-14 23:34:22.291434928,North,Wholesale,Beauty,UPI,7,541.55,0.1,3.4,4.0,121,3790.85,3411.76,2470.28,941.48,27.6
RET-50167,2023-05-15 19:03:40.244716352,West,Online,Electronics,Credit Card,2,2037.19,0.05,3.7,1.0,207,4074.38,3870.66,2697.2,1173.46,30.32
RET-50168,2023-05-16 14:32:58.197997776,South,Online,Furniture,Net Banking,2,2160.55,0.0,4.2,6.0,56,4321.1,4321.1,3430.53,890.57,20.61
RET-50169,2023-05-17 10:02:16.151279200,West,Online,Beauty,Credit Card,6,902.21,0.1,3.1,2.0,115,5413.26,4871.93,2978.28,1893.65,38.87
RET-50170,2023-05-18 05:31:34.104560622,North,Online,Electronics,UPI,1,2965.12,0.1,3.9,4.0,101,2965.12,2668.61,1374.9,1293.71,48.48
RET-50171,2023-05-19 01:00:52.057842046,North,Store,Clothing,Cash,12,2180.16,0.0,3.3,6.0,30,26161.92,26161.92,15152.15,11009.77,42.08
RET-50172,2023-05-19 20:30:10.011123470,South,Online,Beauty,Credit Card,9,1107.28,0.05,3.6,6.0,27,9965.52,9467.24,5180.1,4287.14,45.28
RET-50173,2023-05-20 15:59:27.964404894,West,Online,Beauty,UPI,14,1918.13,0.05,3.4,2.0,27,26853.82,25511.13,18498.3,7012.83,27.49
RET-50174,2023-05-21 11:28:45.917686318,East,Online,Clothing,Cash,7,409.34,0.05,3.2,3.0,241,2865.38,2722.11,2022.61,699.5,25.7
RET-50175,2023-05-22 06:58:03.870967742,South,Online,Clothing,Cash,8,1011.57,0.1,4.6,4.0,154,8092.56,7283.3,4685.11,2598.19,35.67
RET-50176,2023-05-23 02:27:21.824249166,South,Store,Clothing,Credit Card,9,1413.26,0.05,4.5,1.0,86,12719.34,12083.37,6878.78,5204.59,43.07
RET-50177,2023-05-23 21:56:39.777530590,North,Store,Beauty,Debit Card,7,1191.9,0.1,4.1,3.0,187,8343.3,7508.97,4768.45,2740.52,36.5
RET-50178,2023-05-24 17:25:57.730812014,East,Online,Furniture,Net Banking,8,4548.46,0.15,3.6,5.0,101,36387.68,30929.53,21883.47,9046.06,29.25
RET-50179,2023-05-25 12:55:15.684093438,East,Store,Electronics,Credit Card,9,1468.39,0.15,3.2,6.0,26,13215.51,11233.18,6041.13,5192.05,46.22
RET-50180,2023-05-26 08:24:33.637374862,West,Store,Beauty,Credit Card,13,1522.75,0.0,2.4,2.0,136,19795.75,19795.75,13027.16,6768.59,34.19
RET-50181,2023-05-27 03:53:51.590656284,West,Online,Furniture,Net Banking,5,506.17,0.05,3.6,3.0,127,2530.85,2404.31,1347.73,1056.58,43.95
RET-50182,2023-05-27 23:23:09.543937708,West,Store,Beauty,Credit Card,13,1062.32,0.05,3.8,3.0,62,13810.16,13119.65,9716.08,3403.57,25.94
RET-50183,2023-05-28 18:52:27.497219132,North,Online,Clothing,Debit Card,3,721.11,0.05,4.2,7.0,135,2163.33,2055.16,1353.85,701.31,34.12
RET-50184,2023-05-29 14:21:45.450500556,North,Store,Clothing,Net Banking,3,5523.54,0.05,4.6,3.0,125,16570.62,15742.09,10159.92,5582.17,35.46
RET-50185,2023-05-30 09:51:03.403781980,North,Store,Beauty,Debit Card,4,915.91,0.1,4.0,5.0,34,3663.64,3297.28,2160.51,1136.77,34.48
RET-50186,2023-05-31 05:20:21.357063404,East,Store,Office Supplies,Cash,14,1296.55,0.1,4.0,6.0,249,18151.7,16336.53,9751.83,6584.7,40.31
RET-50187,2023-06-01 00:49:39.310344828,North,Online,Office Supplies,Cash,4,2644.8,0.0,3.6,6.0,214,10579.2,10579.2,8151.08,2428.12,22.95
RET-50188,2023-06-01 20:18:57.263626252,North,Wholesale,Furniture,Credit Card,12,1838.88,0.0,3.9,6.0,145,22066.56,22066.56,10757.97,11308.59,51.25
RET-50189,2023-06-02 15:48:15.216907676,West,Online,Office Supplies,Credit Card,9,479.49,0.05,4.3,7.0,150,4315.41,4099.64,2340.92,1758.72,42.9
RET-50190,2023-06-03 11:17:33.170189100,East,Online,Beauty,UPI,9,1817.31,0.15,3.4,1.0,120,16355.79,13902.42,8151.88,5750.54,41.36
RET-50191,2023-06-04 06:46:51.123470522,East,Wholesale,Electronics,Credit Card,2,1904.13,0.0,4.0,5.0,236,3808.26,3808.26,2063.37,1744.89,45.82
RET-50192,2023-06-05 02:16:09.076751946,South,Online,Electronics,Debit Card,10,1066.36,0.0,4.0,5.0,31,10663.6,10663.6,7609.23,3054.37,28.64
RET-50193,2023-06-05 21:45:27.030033370,West,Wholesale,Furniture,UPI,1,1622.74,0.1,3.4,3.0,138,1622.74,1460.47,713.81,746.66,51.12
RET-50194,2023-06-06 17:14:44.983314794,North,Online,Office Supplies,Credit Card,8,1284.53,0.0,3.3,6.0,54,10276.24,10276.24,7065.63,3210.61,31.24
RET-50195,2023-06-07 12:44:02.936596218,East,Wholesale,Clothing,Net Banking,12,487.64,0.1,4.9,7.0,181,5851.68,5266.51,3855.11,1411.4,26.8
RET-50196,2023-06-08 08:13:20.889877642,West,Online,Office Supplies,Net Banking,13,831.98,0.0,4.5,3.0,27,10815.74,10815.74,6206.47,4609.27,42.62
RET-50197,2023-06-09 03:42:38.843159066,North,Wholesale,Furniture,Debit Card,14,1216.27,0.1,3.8,2.0,227,17027.78,15325.0,8787.43,6537.57,42.66
RET-50198,2023-06-09 23:11:56.796440490,South,Online,Electronics,Net Banking,4,819.66,0.05,,1.0,79,3278.64,3114.71,1977.92,1136.79,36.5
RET-50199,2023-06-10 18:41:14.749721914,North,Store,Beauty,Credit Card,11,1703.53,0.0,4.5,8.0,194,18738.83,18738.83,11152.23,7586.6,40.49
RET-50200,2023-06-11 14:10:32.703003338,East,Store,Electronics,Debit Card,9,2301.59,0.1,3.3,3.0,106,20714.31,18642.88,10657.63,7985.25,42.83
RET-50201,2023-06-12 09:39:50.656284760,West,Online,Office Supplies,Cash,11,1433.39,0.0,4.0,5.0,64,15767.29,15767.29,11036.19,4731.1,30.01
RET-50202,2023-06-13 05:09:08.609566184,West,Online,Clothing,Net Banking,12,941.84,0.15,4.5,5.0,179,11302.08,9606.77,5507.18,4099.59,42.67
RET-50203,2023-06-14 00:38:26.562847608,,Online,Clothing,Credit Card,7,2910.05,0.15,3.5,7.0,21,20370.35,17314.8,12401.79,4913.01,28.37
RET-50204,2023-06-14 20:07:44.516129032,East,Store,Clothing,Credit Card,2,1312.21,0.0,4.1,2.0,221,2624.42,2624.42,1588.12,1036.3,39.49
RET-50205,2023-06-15 15:37:02.469410456,East,Online,Office Supplies,Debit Card,12,1510.0,0.1,2.7,4.0,156,18120.0,16308.0,12500.61,3807.39,23.35
RET-50206,2023-06-16 11:06:20.422691880,West,Online,Office Supplies,Cash,9,730.58,0.1,4.0,3.0,122,6575.22,5917.7,4746.7,1171.0,19.79
RET-50207,2023-06-17 06:35:38.375973304,North,Store,Office Supplies,Credit Card,2,1041.7,0.05,3.9,4.0,179,2083.4,1979.23,1446.79,532.44,26.9
RET-50208,2023-06-18 02:04:56.329254728,North,Store,Clothing,Credit Card,6,2295.82,0.1,5.0,2.0,123,13774.92,12397.43,7429.52,4967.91,40.07
RET-50209,2023-06-18 21:34:14.282536152,West,Store,Furniture,UPI,3,1945.94,0.0,4.1,3.0,98,5837.82,5837.82,3997.4,1840.42,31.53
RET-50210,2023-06-19 17:03:32.235817576,North,Online,Electronics,UPI,11,1062.61,0.05,3.7,5.0,50,11688.71,11104.27,8266.55,2837.72,25.56
RET-50211,2023-06-20 12:32:50.189098998,North,Store,Office Supplies,UPI,5,1206.45,0.05,4.3,5.0,68,6032.25,5730.64,3455.6,2275.04,39.7
RET-50212,2023-06-21 08:02:08.142380422,North,Store,Electronics,UPI,1,1365.68,0.1,4.1,2.0,236,1365.68,1229.11,817.92,411.19,33.45
RET-50213,2023-06-22 03:31:26.095661846,South,Store,Office Supplies,Credit Card,4,650.87,0.1,3.4,4.0,144,2603.48,2343.13,1224.09,1119.04,47.76
RET-50214,2023-06-22 23:00:44.048943270,East,Store,Electronics,UPI,9,1063.81,0.1,4.0,,96,9574.29,8616.86,5561.18,3055.68,35.46
RET-50215,2023-06-23 18:30:02.002224694,South,Online,Beauty,Net Banking,9,860.54,0.15,5.0,6.0,28,7744.86,6583.13,4081.32,2501.81,38.0
RET-50216,2023-06-24 13:59:19.955506118,East,Store,Electronics,UPI,12,487.52,0.15,4.3,6.0,65,5850.24,4972.7,2855.29,2117.41,42.58
RET-50217,2023-06-25 09:28:37.908787542,North,Online,Beauty,Net Banking,6,1324.76,0.0,3.0,6.0,203,7948.56,7948.56,4429.38,3519.18,44.27
RET-50218,2023-06-26 04:57:55.862068966,North,Online,Office Supplies,Net Banking,9,1092.92,0.1,3.8,4.0,45,9836.28,8852.65,4609.15,4243.5,47.93
RET-50219,2023-06-27 00:27:13.815350390,East,Online,Electronics,Net Banking,14,463.41,0.05,4.3,3.0,67,6487.74,6163.35,3144.68,3018.67,48.98
RET-50220,2023-06-27 19:56:31.768631814,North,Online,Furniture,UPI,5,715.74,0.05,3.9,4.0,178,3578.7,3399.76,1657.01,1742.75,51.26
RET-50221,2023-06-28 15:25:49.721913238,West,Online,Clothing,UPI,1,1133.96,0.15,4.9,4.0,207,1133.96,963.87,499.6,464.27,48.17
RET-50222,2023-06-29 10:55:07.675194660,East,Online,Beauty,Net Banking,10,183.26,0.1,3.7,4.0,136,1832.6,1649.34,1337.72,311.62,18.89
RET-50223,2023-06-30 06:24:25.628476084,East,Online,Office Supplies,Net Banking,9,1352.46,0.05,5.0,4.0,47,12172.14,11563.53,6234.54,5328.99,46.08
RET-50224,2023-07-01 01:53:43.581757508,West,Store,Electronics,Net Banking,5,1427.17,0.0,3.6,2.0,70,7135.85,7135.85,4367.59,2768.26,38.79
RET-50225,2023-07-01 21:23:01.535038932,South,Online,Beauty,Net Banking,8,1829.61,0.1,4.0,5.0,110,14636.88,13173.19,10760.38,2412.81,18.32
RET-50226,2023-07-02 16:52:19.488320356,North,Store,Electronics,Debit Card,10,814.97,0.15,4.8,6.0,148,8149.7,6927.24,4273.41,2653.83,38.31
RET-50227,2023-07-03 12:21:37.441601780,East,Wholesale,Beauty,Credit Card,12,475.94,0.1,3.0,6.0,147,5711.28,5140.15,3981.54,1158.61,22.54
RET-50228,2023-07-04 07:50:55.394883204,South,Online,Beauty,Debit Card,2,1805.27,0.1,3.4,2.0,66,3610.54,3249.49,1851.13,1398.36,43.03
RET-50229,2023-07-05 03:20:13.348164628,South,Online,Furniture,UPI,7,490.95,0.0,4.4,7.0,205,3436.65,3436.65,2768.18,668.47,19.45
RET-50230,2023-07-05 22:49:31.301446052,West,Store,Electronics,Cash,4,1705.63,0.05,5.0,1.0,220,6822.52,6481.39,4087.86,2393.53,36.93
RET-50231,2023-07-06 18:18:49.254727476,East,Online,Beauty,Net Banking,5,773.46,0.1,3.6,3.0,136,3867.3,3480.57,2456.5,1024.07,29.42
RET-50232,2023-07-07 13:48:07.208008898,West,Store,Electronics,Credit Card,1,621.52,0.15,4.4,5.0,41,621.52,528.29,311.19,217.1,41.09
RET-50233,2023-07-08 09:17:25.161290322,North,Online,Clothing,Debit Card,6,1453.01,0.0,,5.0,112,8718.06,8718.06,4798.81,3919.25,44.96
RET-50234,2023-07-09 04:46:43.114571746,East,Wholesale,Electronics,Credit Card,2,2488.75,0.0,4.4,4.0,119,4977.5,4977.5,2724.17,2253.33,45.27
RET-50235,2023-07-10 00:16:01.067853170,South,Wholesale,Clothing,Credit Card,13,1083.62,0.2,5.0,4.0,61,14087.06,11269.65,6317.63,4952.02,43.94
RET-50236,2023-07-10 19:45:19.021134594,East,Online,Beauty,UPI,8,1022.85,0.0,3.8,4.0,206,8182.8,8182.8,5454.77,2728.03,33.34
RET-50237,2023-07-11 15:14:36.974416018,North,Online,Beauty,UPI,6,400.43,0.1,3.7,6.0,233,2402.58,2162.32,1452.11,710.21,32.84
RET-50238,2023-07-12 10:43:54.927697442,South,Store,Furniture,UPI,4,2059.8,0.05,4.9,6.0,57,8239.2,7827.24,5615.17,2212.07,28.26
RET-50239,2023-07-13 06:13:12.880978866,North,Store,Office Supplies,UPI,14,1258.2,0.15,4.5,5.0,200,17614.8,14972.58,9221.99,5750.59,38.41
RET-50240,2023-07-14 01:42:30.834260290,East,Wholesale,Electronics,Debit Card,8,1005.74,0.0,4.7,3.0,213,8045.92,8045.92,4232.62,3813.3,47.39
RET-50241,2023-07-14 21:11:48.787541714,North,Wholesale,Electronics,Debit Card,14,2808.83,0.1,4.8,6.0,212,39323.62,35391.26,24457.89,10933.37,30.89
RET-50242,2023-07-15 16:41:06.740823136,North,Wholesale,Clothing,Credit Card,10,433.22,0.15,4.0,7.0,213,4332.2,3682.37,1906.8,1775.57,48.22
RET-50243,2023-07-16 12:10:24.694104560,East,Online,Beauty,Debit Card,14,864.44,0.1,4.7,6.0,222,12102.16,10891.94,8724.2,2167.74,19.9
RET-50244,2023-07-17 07:39:42.647385984,North,Store,Clothing,Net Banking,13,1203.79,0.05,5.0,3.0,92,15649.27,14866.81,10978.35,3888.46,26.16
RET-50245,2023-07-18 03:09:00.600667408,West,Online,Electronics,Credit Card,11,990.26,0.2,3.8,4.0,198,10892.86,8714.29,5880.84,2833.45,32.51
RET-50246,2023-07-18 22:38:18.553948832,East,Store,Furniture,Net Banking,5,246.24,0.15,4.6,7.0,109,1231.2,1046.52,541.64,504.88,48.24
RET-50247,2023-07-19 18:07:36.507230256,North,Online,Electronics,Credit Card,11,1505.9,0.1,3.7,5.0,175,16564.9,14908.41,9541.7,5366.71,36.0
RET-50248,2023-07-20 13:36:54.460511680,West,Store,Electronics,Credit Card,5,1176.44,0.05,5.0,3.0,66,5882.2,5588.09,2973.65,2614.44,46.79
RET-50249,2023-07-21 09:06:12.413793104,North,Online,Beauty,Cash,13,2314.79,0.15,4.4,7.0,32,30092.27,25578.43,20799.31,4779.12,18.68
RET-50250,2023-07-22 04:35:30.367074528,West,Wholesale,Furniture,Cash,5,4518.75,0.15,3.2,4.0,76,22593.75,19204.69,11939.27,7265.42,37.83
RET-50251,2023-07-23 00:04:48.320355952,East,Store,Beauty,Net Banking,2,1062.04,0.1,4.1,8.0,34,2124.08,1911.67,1344.76,566.91,29.66
RET-50252,2023-07-23 19:34:06.273637374,South,Store,Clothing,Net Banking,2,1540.69,0.05,3.7,9.0,121,3081.38,2927.31,1520.07,1407.24,48.07
RET-50253,2023-07-24 15:03:24.226918798,West,Online,Beauty,Net Banking,7,1414.55,0.2,4.6,7.0,183,9901.85,7921.48,4956.5,2964.98,37.43
RET-50254,2023-07-25 10:32:42.180200222,East,Online,Clothing,Cash,10,1340.02,0.0,3.9,6.0,115,13400.2,13400.2,7178.4,6221.8,46.43
RET-50255,2023-07-26 06:02:00.133481646,North,Store,Furniture,Debit Card,5,1096.83,0.05,,5.0,193,5484.15,5209.94,3521.83,1688.11,32.4
RET-50256,2023-07-27 01:31:18.086763070,West,Online,Clothing,Net Banking,12,1542.8,0.2,4.4,2.0,46,18513.6,14810.88,12052.81,2758.07,18.62
RET-50257,2023-07-27 21:00:36.040044494,South,Store,Electronics,Debit Card,4,2498.34,0.1,3.7,3.0,169,9993.36,8994.02,5651.51,3342.51,37.16
RET-50258,2023-07-28 16:29:53.993325916,West,Store,Furniture,Credit Card,7,691.03,0.0,2.3,3.0,209,4837.21,4837.21,3487.16,1350.05,27.91
RET-50259,2023-07-29 11:59:11.946607340,West,Online,Beauty,UPI,5,4128.55,0.1,3.7,4.0,156,20642.75,18578.48,9478.37,9100.11,48.98
RET-50260,2023-07-30 07:28:29.899888764,South,Online,Furniture,Debit Card,8,1667.65,0.2,3.6,5.0,178,13341.2,10672.96,6030.42,4642.54,43.5
RET-50261,2023-07-31 02:57:47.853170188,North,Store,Electronics,Credit Card,3,1461.2,0.15,5.0,4.0,135,4383.6,3726.06,1947.41,1778.65,47.74
RET-50262,2023-07-31 22:27:05.806451612,South,Online,Clothing,Debit Card,14,278.15,0.05,3.0,6.0,66,3894.1,3699.39,2001.38,1698.01,45.9
RET-50263,2023-08-01 17:56:23.759733036,North,Online,Electronics,Credit Card,13,1191.74,0.05,5.0,3.0,90,15492.62,14717.99,7880.65,6837.34,46.46
RET-50264,2023-08-02 13:25:41.713014460,South,Store,Beauty,UPI,10,636.35,0.05,4.1,5.0,185,6363.5,6045.32,4228.17,1817.15,30.06
RET-50265,2023-08-03 08:54:59.666295884,West,Wholesale,Office Supplies,Net Banking,8,1743.1,0.0,4.3,7.0,11,13944.8,13944.8,8888.97,5055.83,36.26
RET-50266,2023-08-04 04:24:17.619577308,South,Store,Beauty,Cash,11,2233.21,0.0,3.9,3.0,31,24565.31,24565.31,16619.31,7946.0,32.35
RET-50267,2023-08-04 23:53:35.572858732,East,Store,Electronics,UPI,7,2533.86,0.05,3.9,4.0,126,17737.02,16850.17,11594.38,5255.79,31.19
RET-50268,2023-08-05 19:22:53.526140156,North,Store,Office Supplies,UPI,13,1076.98,0.15,3.6,3.0,32,14000.74,11900.63,7068.26,4832.37,40.61
RET-50269,2023-08-06 14:52:11.479421580,West,Store,Electronics,UPI,1,1143.2,0.1,5.0,3.0,65,1143.2,1028.88,792.01,236.87,23.02
RET-50270,2023-08-07 10:21:29.432703004,North,Wholesale,Beauty,UPI,4,1594.33,0.05,3.6,5.0,171,6377.32,6058.45,3979.59,2078.86,34.31
RET-50271,2023-08-08 05:50:47.385984428,South,Store,Clothing,Cash,7,306.84,0.15,4.3,5.0,189,2147.88,1825.7,1419.15,406.55,22.27
RET-50272,2023-08-09 01:20:05.339265852,East,Store,Beauty,Cash,10,905.18,0.05,4.1,6.0,188,9051.8,8599.21,6441.4,2157.81,25.09
RET-50273,2023-08-09 20:49:23.292547276,North,Online,Beauty,Credit Card,10,843.26,0.0,4.0,3.0,122,8432.6,8432.6,6061.37,2371.23,28.12
RET-50274,2023-08-10 16:18:41.245828700,South,Store,Beauty,Net Banking,11,1683.46,0.1,4.7,5.0,95,18518.06,16666.25,10869.28,5796.97,34.78
RET-50275,2023-08-11 11:47:59.199110124,South,Store,Electronics,Debit Card,14,,0.0,4.4,6.0,21,12479.46,12479.46,9525.31,2954.15,23.67
RET-50276,2023-08-12 07:17:17.152391548,South,Store,Electronics,Cash,12,1946.15,0.0,2.9,4.0,147,23353.8,23353.8,16632.44,6721.36,28.78
RET-50277,2023-08-13 02:46:35.105672972,South,Wholesale,Clothing,,13,1058.63,0.15,2.9,5.0,67,13762.19,11697.86,8583.14,3114.72,26.63
RET-50278,2023-08-13 22:15:53.058954392,South,Wholesale,Furniture,Net Banking,5,2092.28,0.05,3.7,2.0,204,10461.4,9938.33,4980.41,4957.92,49.89
RET-50279,2023-08-14 17:45:11.012235816,North,Online,Electronics,Cash,10,5074.56,0.1,4.9,3.0,215,50745.6,45671.04,28094.93,17576.11,38.48
RET-50280,2023-08-15 13:14:28.965517240,South,Store,Clothing,Debit Card,10,3303.66,0.05,5.0,7.0,153,33036.6,31384.77,22073.33,9311.44,29.67
RET-50281,2023-08-16 08:43:46.918798664,North,Store,Furniture,UPI,9,2220.97,0.2,3.8,1.0,139,19988.73,15990.98,8061.36,7929.62,49.59
RET-50282,2023-08-17 04:13:04.872080088,West,Online,Clothing,Debit Card,9,2525.39,0.0,4.0,1.0,245,22728.51,22728.51,14825.39,7903.12,34.77
RET-50283,2023-08-17 23:42:22.825361512,North,Wholesale,Beauty,Debit Card,8,945.98,0.2,3.3,5.0,249,7567.84,6054.27,4017.42,2036.85,33.64
RET-50284,2023-08-18 19:11:40.778642936,North,Wholesale,Office Supplies,Credit Card,6,727.18,0.1,4.2,2.0,17,4363.08,3926.77,2231.71,1695.06,43.17
RET-50285,2023-08-19 14:40:58.731924360,West,Online,Beauty,Credit Card,2,692.44,0.2,4.2,7.0,62,1384.88,1107.9,641.84,466.06,42.07
RET-50286,2023-08-20 10:10:16.685205784,South,Online,Electronics,UPI,2,1362.83,0.0,3.6,7.0,188,2725.66,2725.66,1983.48,742.18,27.23
RET-50287,2023-08-21 05:39:34.638487208,South,Wholesale,Electronics,Cash,1,3126.87,0.05,3.9,3.0,141,3126.87,2970.53,1507.87,1462.66,49.24
RET-50288,2023-08-22 01:08:52.591768632,West,Online,Beauty,UPI,5,746.94,0.0,4.3,5.0,110,3734.7,3734.7,1805.87,1928.83,51.65
RET-50289,2023-08-22 20:38:10.545050056,West,Online,Beauty,Net Banking,6,1627.35,0.2,5.0,3.0,231,9764.1,7811.28,6223.18,1588.1,20.33
RET-50290,2023-08-23 16:07:28.498331480,South,Online,Furniture,Credit Card,14,533.46,0.05,5.0,1.0,111,7468.44,7095.02,5122.86,1972.16,27.8
RET-50291,2023-08-24 11:36:46.451612904,North,Wholesale,Clothing,Debit Card,4,544.27,0.05,5.0,5.0,239,2177.08,2068.23,1384.16,684.07,33.08
RET-50292,2023-08-25 07:06:04.404894328,North,Online,Electronics,Net Banking,4,2095.47,0.1,3.6,2.0,179,8381.88,7543.69,5601.79,1941.9,25.74
RET-50293,2023-08-26 02:35:22.358175752,North,Store,Office Supplies,Net Banking,1,767.94,0.15,2.6,6.0,174,767.94,652.75,372.5,280.25,42.93
RET-50294,2023-08-26 22:04:40.311457176,West,Online,Electronics,UPI,2,753.74,0.1,4.1,7.0,245,1507.48,1356.73,966.97,389.76,28.73
RET-50295,2023-08-27 17:33:58.264738600,West,Online,Office Supplies,Cash,10,4333.46,0.0,3.3,5.0,41,43334.6,43334.6,29584.46,13750.14,31.73
RET-50296,2023-08-28 13:03:16.218020024,West,Store,Clothing,Debit Card,6,1255.0,0.05,4.3,7.0,73,7530.0,7153.5,4161.77,2991.73,41.82
RET-50297,2023-08-29 08:32:34.171301448,East,Store,Clothing,Cash,9,1165.8,0.1,3.8,4.0,96,10492.2,9442.98,5467.16,3975.82,42.1
RET-50298,2023-08-30 04:01:52.124582868,North,Online,Furniture,Net Banking,2,1033.63,0.1,3.5,6.0,26,2067.26,1860.53,1200.23,660.3,35.49
RET-50299,2023-08-30 23:31:10.077864292,South,Online,Furniture,Net Banking,11,1571.91,0.0,4.0,6.0,184,17291.01,17291.01,8815.83,8475.18,49.01
RET-50300,2023-08-31 19:00:28.031145716,West,Online,Clothing,Net Banking,4,757.47,0.05,4.7,4.0,211,3029.88,2878.39,2083.18,795.21,27.63
RET-50301,2023-09-01 14:29:45.984427140,West,Store,Furniture,Debit Card,1,1245.55,0.05,4.3,6.0,212,1245.55,1183.27,935.94,247.33,20.9
RET-50302,2023-09-02 09:59:03.937708564,South,Store,Electronics,UPI,13,2431.91,0.0,4.0,5.0,69,31614.83,31614.83,24919.37,6695.46,21.18
RET-50303,2023-09-03 05:28:21.890989988,North,Store,Office Supplies,UPI,6,974.24,0.1,3.5,2.0,79,5845.44,5260.9,3578.89,1682.01,31.97
RET-50304,2023-09-04 00:57:39.844271412,West,Online,Furniture,Cash,5,255.66,0.15,3.3,3.0,96,1278.3,1086.55,599.89,486.66,44.79
RET-50305,2023-09-04 20:26:57.797552836,South,Store,Clothing,Debit Card,1,783.98,0.0,4.2,3.0,55,783.98,783.98,378.59,405.39,51.71
RET-50306,2023-09-05 15:56:15.750834260,West,Online,Furniture,Net Banking,9,1976.98,0.15,3.7,3.0,70,17792.82,15123.9,10056.94,5066.96,33.5
RET-50307,2023-09-06 11:25:33.704115684,South,Online,Electronics,Debit Card,4,2486.57,0.05,3.4,3.0,121,9946.28,9448.97,5331.18,4117.79,43.58
RET-50308,2023-09-07 06:54:51.657397108,South,Online,Furniture,UPI,4,1519.9,0.05,4.4,7.0,17,6079.6,5775.62,3339.65,2435.97,42.18
RET-50309,2023-09-08 02:24:09.610678532,West,Online,Clothing,Debit Card,10,3034.79,0.1,4.0,3.0,205,30347.9,27313.11,19286.84,8026.27,29.39
RET-50310,2023-09-08 21:53:27.563959956,South,Online,Office Supplies,Credit Card,10,610.53,0.0,3.8,5.0,35,6105.3,6105.3,3185.68,2919.62,47.82
RET-50311,2023-09-09 17:22:45.517241380,North,Online,Office Supplies,Debit Card,3,2755.46,0.05,5.0,8.0,107,8266.38,7853.06,5376.4,2476.66,31.54
RET-50312,2023-09-10 12:52:03.470522804,South,Online,Office Supplies,Cash,2,1375.3,0.15,,4.0,28,2750.6,2338.01,1715.51,622.5,26.63
RET-50313,2023-09-11 08:21:21.423804228,South,Wholesale,Electronics,Cash,4,1862.09,0.05,4.6,4.0,34,7448.36,7075.94,3479.31,3596.63,50.83
RET-50314,2023-09-12 03:50:39.377085652,South,Wholesale,Clothing,Cash,12,186.94,0.2,4.1,5.0,13,2243.28,1794.62,1203.45,591.17,32.94
RET-50315,2023-09-12 23:19:57.330367076,West,Store,Office Supplies,Cash,4,2143.49,0.05,4.3,1.0,137,8573.96,8145.26,5908.12,2237.14,27.47
RET-50316,2023-09-13 18:49:15.283648500,South,Online,Furniture,Net Banking,6,1396.19,0.05,4.1,3.0,49,8377.14,7958.28,4992.05,2966.23,37.27
RET-50317,2023-09-14 14:18:33.236929924,South,Online,Beauty,Debit Card,2,4148.43,0.1,4.6,5.0,213,8296.86,7467.17,4349.65,3117.52,41.75
RET-50318,2023-09-15 09:47:51.190211348,South,Store,Furniture,Credit Card,3,1356.15,0.15,5.0,1.0,170,4068.45,3458.18,1843.93,1614.25,46.68
RET-50319,2023-09-16 05:17:09.143492768,East,Online,Furniture,Net Banking,10,637.42,0.15,3.2,7.0,247,6374.2,5418.07,4360.65,1057.42,19.52
RET-50320,2023-09-17 00:46:27.096774192,North,Online,Beauty,UPI,11,711.92,0.05,4.8,5.0,124,7831.12,7439.56,4601.17,2838.39,38.15
RET-50321,2023-09-17 20:15:45.050055616,South,Online,Clothing,Cash,13,1562.0,0.0,3.8,7.0,124,20306.0,20306.0,11095.23,9210.77,45.36
RET-50322,2023-09-18 15:45:03.003337040,North,Online,Clothing,Net Banking,8,1465.78,0.05,4.2,4.0,17,11726.24,11139.93,5539.58,5600.35,50.27
RET-50323,2023-09-19 11:14:20.956618464,East,Online,Electronics,Debit Card,4,794.64,0.05,4.2,4.0,215,3178.56,3019.63,1690.22,1329.41,44.03
RET-50324,2023-09-20 06:43:38.909899888,West,Wholesale,Electronics,Credit Card,7,599.36,0.0,3.7,6.0,215,4195.52,4195.52,3195.57,999.95,23.83
RET-50325,2023-09-21 02:12:56.863181312,South,Online,Electronics,Cash,3,3214.7,0.0,3.6,8.0,233,9644.1,9644.1,5236.56,4407.54,45.7
RET-50326,2023-09-21 21:42:14.816462736,South,Store,Office Supplies,Cash,4,1027.56,0.1,4.1,6.0,240,4110.24,3699.22,2619.23,1079.99,29.2
RET-50327,2023-09-22 17:11:32.769744160,South,Store,Office Supplies,Credit Card,7,1147.73,0.05,3.6,5.0,121,8034.11,7632.4,6042.14,1590.26,20.84
RET-50328,2023-09-23 12:40:50.723025584,South,Store,Furniture,Net Banking,11,848.44,0.15,4.5,8.0,224,9332.84,7932.91,4845.11,3087.8,38.92
RET-50329,2023-09-24 08:10:08.676307008,South,Online,Office Supplies,Debit Card,4,2978.04,0.1,3.0,6.0,132,11912.16,10720.94,7078.59,3642.35,33.97
RET-50330,2023-09-25 03:39:26.629588432,North,Online,Clothing,Debit Card,6,2477.8,0.0,3.9,1.0,75,14866.8,14866.8,7921.32,6945.48,46.72
RET-50331,2023-09-25 23:08:44.582869856,West,Store,Electronics,Debit Card,1,617.7,0.1,4.9,5.0,185,617.7,555.93,309.97,245.96,44.24
RET-50332,2023-09-26 18:38:02.536151280,East,Online,Electronics,Debit Card,1,1141.73,0.0,3.9,5.0,77,1141.73,1141.73,698.11,443.62,38.86
RET-50333,2023-09-27 14:07:20.489432704,North,Online,Furniture,Cash,8,658.99,0.05,3.4,6.0,52,5271.92,5008.32,3566.77,1441.55,28.78
RET-50334,2023-09-28 09:36:38.442714128,East,Store,Beauty,Credit Card,14,4005.42,0.05,4.0,6.0,159,56075.88,53272.09,34360.15,18911.94,35.5
RET-50335,2023-09-29 05:05:56.395995552,South,Wholesale,Electronics,Debit Card,9,1600.72,0.0,3.4,4.0,208,14406.48,14406.48,11075.87,3330.61,23.12
RET-50336,2023-09-30 00:35:14.349276976,South,Store,Furniture,UPI,1,1000.18,0.15,4.5,5.0,189,1000.18,850.15,624.22,225.93,26.58
RET-50337,2023-09-30 20:04:32.302558400,West,Online,Furniture,Net Banking,9,963.63,0.05,4.1,3.0,17,8672.67,8239.04,5545.54,2693.5,32.69
RET-50338,2023-10-01 15:33:50.255839824,South,Wholesale,Furniture,UPI,2,1709.21,0.1,3.8,6.0,163,3418.42,3076.58,1930.6,1145.98,37.25
RET-50339,2023-10-02 11:03:08.209121244,South,Wholesale,Office Supplies,Debit Card,10,1022.65,0.05,4.5,5.0,231,10226.5,9715.17,6509.84,3205.33,32.99
RET-50340,2023-10-03 06:32:26.162402668,East,Store,Office Supplies,Cash,7,3270.85,0.1,4.0,4.0,92,22895.95,20606.36,12933.66,7672.7,37.23
RET-50341,2023-10-04 02:01:44.115684092,North,Online,Clothing,Debit Card,6,657.24,0.15,3.6,7.0,123,3943.44,3351.92,2141.6,1210.32,36.11
RET-50342,2023-10-04 21:31:02.068965516,East,Online,Clothing,UPI,3,537.83,0.0,3.8,6.0,231,1613.49,1613.49,941.58,671.91,41.64
RET-50343,2023-10-05 17:00:20.022246940,West,Store,Office Supplies,UPI,3,3001.57,0.05,3.5,6.0,78,9004.71,8554.47,4603.71,3950.76,46.18
RET-50344,2023-10-06 12:29:37.975528364,North,Online,Office Supplies,Debit Card,5,909.94,0.1,3.3,4.0,186,4549.7,4094.73,3307.91,786.82,19.22
RET-50345,2023-10-07 07:58:55.928809788,West,Online,Electronics,UPI,7,3019.94,0.0,4.4,4.0,110,21139.58,21139.58,10486.94,10652.64,50.39
RET-50346,2023-10-08 03:28:13.882091212,South,Store,Furniture,Debit Card,8,2125.99,0.1,3.6,5.0,180,17007.92,15307.13,7611.31,7695.82,50.28
RET-50347,2023-10-08 22:57:31.835372636,West,Store,Furniture,Credit Card,10,496.37,0.2,3.6,5.0,108,4963.7,3970.96,2053.68,1917.28,48.28
RET-50348,2023-10-09 18:26:49.788654060,East,Wholesale,Clothing,Net Banking,14,807.46,0.15,4.6,5.0,115,11304.44,9608.77,5917.89,3690.88,38.41
RET-50349,2023-10-10 13:56:07.741935484,East,Online,Clothing,Credit Card,1,1239.09,0.1,3.1,5.0,132,1239.09,1115.18,728.5,386.68,34.67
RET-50350,2023-10-11 09:25:25.695216908,South,Store,Clothing,Debit Card,14,1039.81,0.0,3.5,5.0,65,14557.34,14557.34,8499.2,6058.14,41.62
RET-50351,2023-10-12 04:54:43.648498332,East,Store,Beauty,Cash,8,1461.1,0.0,3.6,7.0,147,11688.8,11688.8,8566.25,3122.55,26.71
RET-50352,2023-10-13 00:24:01.601779756,,Online,Office Supplies,Cash,2,805.9,0.15,5.0,3.0,178,1611.8,1370.03,825.38,544.65,39.75
RET-50353,2023-10-13 19:53:19.555061180,North,Store,Beauty,Credit Card,13,1135.55,0.1,3.9,3.0,22,14762.15,13285.94,6932.09,6353.85,47.82
RET-50354,2023-10-14 15:22:37.508342604,East,Store,Clothing,Net Banking,12,2300.87,0.15,4.1,1.0,24,27610.44,23468.87,14683.19,8785.68,37.44
RET-50355,2023-10-15 10:51:55.461624028,East,Wholesale,Electronics,UPI,5,2853.99,0.1,4.0,5.0,229,14269.95,12842.96,8105.29,4737.67,36.89
RET-50356,2023-10-16 06:21:13.414905452,East,Online,Clothing,Credit Card,3,718.06,0.0,3.2,2.0,72,2154.18,2154.18,1406.84,747.34,34.69
RET-50357,2023-10-17 01:50:31.368186876,South,Online,Office Supplies,Credit Card,5,1032.04,0.1,4.2,1.0,193,5160.2,4644.18,2699.5,1944.68,41.87
RET-50358,2023-10-17 21:19:49.321468300,East,Online,Clothing,Cash,12,1105.07,0.1,4.6,4.0,14,13260.84,11934.76,7400.94,4533.82,37.99
RET-50359,2023-10-18 16:49:07.274749724,North,Online,Furniture,Debit Card,13,499.03,0.0,5.0,3.0,136,6487.39,6487.39,3881.05,2606.34,40.18
RET-50360,2023-10-19 12:18:25.228031144,,Store,Furniture,UPI,5,2207.84,0.05,3.9,6.0,35,11039.2,10487.24,5680.03,4807.21,45.84
RET-50361,2023-10-20 07:47:43.181312568,South,Online,Electronics,Cash,7,1732.18,0.1,4.4,7.0,24,12125.26,10912.73,6562.57,4350.16,39.86
RET-50362,2023-10-21 03:17:01.134593992,North,Store,Beauty,UPI,11,1684.09,0.0,4.6,,218,18524.99,18524.99,12951.71,5573.28,30.09
RET-50363,2023-10-21 22:46:19.087875416,North,Store,Office Supplies,Credit Card,3,1116.99,0.05,4.1,4.0,12,3350.97,3183.42,2584.42,599.0,18.82
RET-50364,2023-10-22 18:15:37.041156840,West,Online,Clothing,Net Banking,11,2112.85,0.05,5.0,2.0,213,23241.35,22079.28,14296.35,7782.93,35.25
RET-50365,2023-10-23 13:44:54.994438264,East,Store,Clothing,Net Banking,4,2244.63,0.1,5.0,3.0,191,8978.52,8080.67,5217.03,2863.64,35.44
RET-50366,2023-10-24 09:14:12.947719688,South,Online,Electronics,Credit Card,12,2550.63,0.05,5.0,3.0,51,30607.56,29077.18,16711.39,12365.79,42.53
RET-50367,2023-10-25 04:43:30.901001112,East,Online,Clothing,Credit Card,2,1074.41,0.1,3.2,4.0,73,2148.82,1933.94,1191.7,742.24,38.38
RET-50368,2023-10-26 00:12:48.854282536,South,Online,Clothing,Debit Card,14,1505.94,0.05,3.9,4.0,68,21083.16,20029.0,15724.75,4304.25,21.49
RET-50369,2023-10-26 19:42:06.807563960,South,Store,Beauty,Cash,11,932.03,0.05,4.5,8.0,142,10252.33,9739.71,5334.72,4404.99,45.23
RET-50370,2023-10-27 15:11:24.760845384,East,Store,Clothing,UPI,4,972.79,0.0,4.1,6.0,99,3891.16,3891.16,2483.62,1407.54,36.17
RET-50371,2023-10-28 10:40:42.714126808,West,Online,Furniture,Net Banking,12,2271.13,0.05,2.9,8.0,224,27253.56,25890.88,20741.68,5149.2,19.89
RET-50372,2023-10-29 06:10:00.667408232,West,Online,Clothing,Credit Card,9,1242.66,0.2,4.2,5.0,17,11183.94,8947.15,6437.49,2509.66,28.05
RET-50373,2023-10-30 01:39:18.620689656,North,Online,Electronics,Net Banking,7,1085.91,0.15,5.0,3.0,227,7601.37,6461.16,4441.43,2019.73,31.26
RET-50374,2023-10-30 21:08:36.573971080,East,Online,Electronics,Net Banking,11,1776.08,0.1,5.0,3.0,78,19536.88,17583.19,11701.26,5881.93,33.45
RET-50375,2023-10-31 16:37:54.527252504,South,Store,Electronics,UPI,10,1849.47,0.15,4.6,4.0,228,18494.7,15720.5,7630.39,8090.11,51.46
RET-50376,2023-11-01 12:07:12.480533928,West,Online,Electronics,Net Banking,2,734.94,0.0,4.1,5.0,16,1469.88,1469.88,984.55,485.33,33.02
RET-50377,2023-11-02 07:36:30.433815352,South,Store,Beauty,UPI,4,787.66,0.15,4.0,7.0,79,3150.64,2678.04,1605.21,1072.83,40.06
RET-50378,2023-11-03 03:05:48.387096776,North,Online,Clothing,Cash,10,1906.59,0.15,4.2,3.0,79,19065.9,16206.02,8606.16,7599.86,46.9
RET-50379,2023-11-03 22:35:06.340378200,East,Store,Electronics,Net Banking,6,1689.21,0.1,3.7,4.0,243,10135.26,9121.73,5639.41,3482.32,38.18
RET-50380,2023-11-04 18:04:24.293659620,North,Online,Office Supplies,Credit Card,5,1047.17,0.15,3.7,5.0,60,5235.85,4450.47,2871.59,1578.88,35.48
RET-50381,2023-11-05 13:33:42.246941044,East,Online,Beauty,UPI,8,2610.72,0.0,4.1,7.0,80,20885.76,20885.76,15126.35,5759.41,27.58
RET-50382,2023-11-06 09:03:00.200222468,East,Wholesale,Office Supplies,Net Banking,3,1125.13,0.0,5.0,4.0,222,3375.39,3375.39,2310.01,1065.38,31.56
RET-50383,2023-11-07 04:32:18.153503892,West,Online,Office Supplies,Credit Card,14,341.96,0.15,4.4,5.0,42,4787.44,4069.32,2291.04,1778.28,43.7
RET-50384,2023-11-08 00:01:36.106785316,South,Wholesale,Beauty,Cash,8,715.33,0.05,4.2,3.0,67,5722.64,5436.51,3719.14,1717.37,31.59
RET-50385,2023-11-08 19:30:54.060066740,West,Online,Electronics,Debit Card,1,460.12,0.15,4.7,5.0,180,460.12,391.1,252.93,138.17,35.33
RET-50386,2023-11-09 15:00:12.013348164,North,Store,Office Supplies,UPI,7,2526.83,0.1,5.0,5.0,81,17687.81,15919.03,9870.8,6048.23,37.99
RET-50387,2023-11-10 10:29:29.966629588,South,Wholesale,Beauty,Debit Card,11,1666.47,0.05,4.8,6.0,233,18331.17,17414.61,12015.51,5399.1,31.0
RET-50388,2023-11-11 05:58:47.919911012,West,Online,Electronics,Cash,9,1296.26,0.15,3.4,7.0,136,11666.34,9916.39,6271.47,3644.92,36.76
RET-50389,2023-11-12 01:28:05.873192436,West,Store,Beauty,Credit Card,8,266.04,0.1,5.0,4.0,198,2128.32,1915.49,1348.39,567.1,29.61
RET-50390,2023-11-12 20:57:23.826473860,West,Store,Furniture,Debit Card,9,459.37,0.0,4.6,6.0,149,4134.33,4134.33,3286.68,847.65,20.5
RET-50391,2023-11-13 16:26:41.779755284,North,Online,Office Supplies,Debit Card,1,1088.0,0.05,3.2,3.0,106,1088.0,1033.6,690.94,342.66,33.15
RET-50392,2023-11-14 11:55:59.733036708,South,Store,Beauty,UPI,7,377.26,0.0,3.8,2.0,132,2640.82,2640.82,1839.14,801.68,30.36
RET-50393,2023-11-15 07:25:17.686318132,North,Store,Electronics,Debit Card,6,2213.31,0.15,2.6,4.0,148,13279.86,11287.88,6491.59,4796.29,42.49
RET-50394,2023-11-16 02:54:35.639599556,South,Wholesale,Electronics,Credit Card,13,,0.15,3.5,4.0,109,14590.16,12401.64,7357.46,5044.18,40.67
RET-50395,2023-11-16 22:23:53.592880980,East,Store,Electronics,Net Banking,9,1093.41,0.0,4.0,8.0,155,9840.69,9840.69,5131.53,4709.16,47.85
RET-50396,2023-11-17 17:53:11.546162404,North,Online,Beauty,Debit Card,3,1151.55,0.05,4.2,6.0,72,3454.65,3281.92,2258.23,1023.69,31.19
RET-50397,2023-11-18 13:22:29.499443828,East,Online,Clothing,Debit Card,12,647.09,0.15,3.8,7.0,151,7765.08,6600.32,3835.43,2764.89,41.89
RET-50398,2023-11-19 08:51:47.452725252,West,Online,Furniture,Debit Card,5,609.13,0.0,4.2,5.0,57,3045.65,3045.65,1693.53,1352.12,44.4
RET-50399,2023-11-20 04:21:05.406006676,West,Store,Furniture,Cash,14,349.31,0.0,3.7,6.0,181,4890.34,4890.34,3926.21,964.13,19.71
RET-50400,2023-11-20 23:50:23.359288100,West,Online,Clothing,Net Banking,5,1218.45,0.0,4.3,4.0,154,6092.25,6092.25,3644.24,2448.01,40.18
RET-50401,2023-11-21 19:19:41.312569520,East,Store,Electronics,Debit Card,12,1562.66,0.15,4.0,6.0,138,18751.92,15939.13,9036.03,6903.1,43.31
RET-50402,2023-11-22 14:48:59.265850944,East,Store,Office Supplies,Debit Card,11,1028.27,0.1,4.4,4.0,189,11310.97,10179.87,5847.49,4332.38,42.56
RET-50403,2023-11-23 10:18:17.219132368,North,Store,Beauty,Cash,11,998.68,0.0,4.6,4.0,21,10985.48,10985.48,7663.79,3321.69,30.24
RET-50404,2023-11-24 05:47:35.172413792,South,Store,Office Supplies,Credit Card,10,651.33,0.0,4.5,1.0,69,6513.3,6513.3,4262.13,2251.17,34.56
RET-50405,2023-11-25 01:16:53.125695216,West,Wholesale,Clothing,Credit Card,1,1412.37,0.0,3.9,5.0,89,1412.37,1412.37,951.88,460.49,32.6
RET-50406,2023-11-25 20:46:11.078976640,North,Wholesale,Electronics,Net Banking,3,243.88,0.1,2.9,6.0,240,731.64,658.48,387.43,271.05,41.16
RET-50407,2023-11-26 16:15:29.032258064,North,Online,Electronics,Net Banking,13,585.34,0.0,4.3,6.0,221,7609.42,7609.42,6111.81,1497.61,19.68
RET-50408,2023-11-27 11:44:46.985539488,South,Wholesale,Clothing,Debit Card,11,782.2,0.1,3.1,5.0,247,8604.2,7743.78,4570.36,3173.42,40.98
RET-50409,2023-11-28 07:14:04.938820912,West,Wholesale,Furniture,Net Banking,7,862.26,0.2,4.5,4.0,106,6035.82,4828.66,2442.93,2385.73,49.41
RET-50410,2023-11-29 02:43:22.892102336,North,Online,Clothing,Debit Card,11,1382.6,0.1,4.8,1.0,24,15208.6,13687.74,9359.77,4327.97,31.62
RET-50411,2023-11-29 22:12:40.845383760,West,Online,Electronics,Cash,10,1058.93,0.05,4.7,2.0,188,10589.3,10059.83,7973.62,2086.21,20.74
RET-50412,2023-11-30 17:41:58.798665184,West,Online,Furniture,UPI,11,1327.6,0.0,4.8,4.0,109,14603.6,14603.6,7943.61,6659.99,45.61
RET-50413,2023-12-01 13:11:16.751946608,North,Online,Electronics,UPI,8,2696.82,0.05,4.7,6.0,239,21574.56,20495.83,10917.77,9578.06,46.73
RET-50414,2023-12-02 08:40:34.705228032,North,Store,Furniture,Cash,2,2927.62,0.1,3.5,7.0,243,5855.24,5269.72,2561.09,2708.63,51.4
RET-50415,2023-12-03 04:09:52.658509456,North,Store,Beauty,Debit Card,6,1828.08,0.0,3.2,7.0,224,10968.48,10968.48,8595.46,2373.02,21.63
RET-50416,2023-12-03 23:39:10.611790880,North,Online,Clothing,Cash,3,2701.78,0.0,2.6,3.0,110,8105.34,8105.34,5362.41,2742.93,33.84
RET-50417,2023-12-04 19:08:28.565072304,East,Online,Furniture,Debit Card,13,3693.55,0.15,4.1,4.0,111,48016.15,40813.73,30089.7,10724.03,26.28
RET-50418,2023-12-05 14:37:46.518353728,North,Online,Furniture,Debit Card,13,1526.68,0.1,4.3,2.0,202,19846.84,17862.16,14600.55,3261.61,18.26
RET-50419,2023-12-06 10:07:04.471635152,South,Store,Furniture,UPI,3,483.56,0.1,4.2,1.0,194,1450.68,1305.61,977.03,328.58,25.17
RET-50420,2023-12-07 05:36:22.424916576,East,Store,Clothing,Credit Card,13,2306.55,0.05,4.0,3.0,62,29985.15,28485.89,19830.45,8655.44,30.39
RET-50421,2023-12-08 01:05:40.378197996,West,Online,Beauty,Net Banking,5,628.53,0.05,4.7,3.0,128,3142.65,2985.52,1722.76,1262.76,42.3
RET-50422,2023-12-08 20:34:58.331479420,South,Store,Office Supplies,Debit Card,3,4025.01,0.1,4.2,3.0,77,12075.03,10867.53,5515.26,5352.27,49.25
RET-50423,2023-12-09 16:04:16.284760844,North,Online,Electronics,Cash,4,3682.53,0.05,3.0,6.0,182,14730.12,13993.61,8212.49,5781.12,41.31
RET-50424,2023-12-10 11:33:34.238042268,South,Store,Office Supplies,Net Banking,8,856.82,0.05,3.1,7.0,185,6854.56,6511.83,3202.95,3308.88,50.81
RET-50425,2023-12-11 07:02:52.191323692,West,Online,Clothing,Debit Card,4,587.11,0.15,4.8,3.0,86,2348.44,1996.17,1533.43,462.74,23.18
RET-50426,2023-12-12 02:32:10.144605116,South,Store,Electronics,Cash,4,766.97,0.2,4.3,8.0,92,3067.88,2454.3,1806.79,647.51,26.38
RET-50427,2023-12-12 22:01:28.097886540,West,Online,Office Supplies,Net Banking,10,1150.3,0.15,3.1,1.0,217,11503.0,9777.55,6937.69,2839.86,29.04
RET-50428,2023-12-13 17:30:46.051167964,North,Store,Office Supplies,Net Banking,6,2759.76,0.15,4.9,5.0,103,16558.56,14074.78,9484.94,4589.84,32.61
RET-50429,2023-12-14 13:00:04.004449388,South,Wholesale,Clothing,UPI,10,537.56,0.1,3.7,6.0,94,5375.6,4838.04,3346.35,1491.69,30.83
RET-50430,2023-12-15 08:29:21.957730812,East,Online,Furniture,Debit Card,1,2128.8,0.05,4.8,2.0,64,2128.8,2022.36,1303.84,718.52,35.53
RET-50431,2023-12-16 03:58:39.911012236,North,Store,Office Supplies,Net Banking,2,312.56,0.15,3.7,6.0,78,625.12,531.35,267.56,263.79,49.65
RET-50432,2023-12-16 23:27:57.864293660,North,Online,Electronics,Cash,4,2641.18,0.1,4.8,4.0,13,10564.72,9508.25,7753.85,1754.4,18.45
RET-50433,2023-12-17 18:57:15.817575084,North,Online,Office Supplies,UPI,6,1152.63,0.0,4.5,5.0,67,6915.78,6915.78,3764.0,3151.78,45.57
RET-50434,2023-12-18 14:26:33.770856508,West,Online,Office Supplies,Debit Card,4,1366.37,0.2,3.7,7.0,178,5465.48,4372.38,2164.27,2208.11,50.5
RET-50435,2023-12-19 09:55:51.724137932,North,Store,Furniture,UPI,6,1120.01,0.15,3.7,6.0,214,6720.06,5712.05,3742.72,1969.33,34.48
RET-50436,2023-12-20 05:25:09.677419356,West,Wholesale,Electronics,Cash,13,2204.62,0.05,4.9,4.0,129,28660.06,27227.06,14167.01,13060.05,47.97
RET-50437,2023-12-21 00:54:27.630700780,North,Online,Beauty,UPI,7,1527.56,0.05,4.2,4.0,202,10692.92,10158.27,6181.67,3976.6,39.15
RET-50438,2023-12-21 20:23:45.583982204,South,Online,Furniture,Debit Card,9,3594.77,0.05,3.3,8.0,53,32352.93,30735.28,23441.15,7294.13,23.73
RET-50439,2023-12-22 15:53:03.537263628,North,Online,Office Supplies,Cash,12,378.23,0.1,3.4,1.0,93,4538.76,4084.88,2542.33,1542.55,37.76
RET-50440,2023-12-23 11:22:21.490545052,East,Online,Electronics,Debit Card,3,666.33,0.05,3.7,6.0,232,1998.99,1899.04,1072.34,826.7,43.53
RET-50441,2023-12-24 06:51:39.443826476,North,Wholesale,Office Supplies,Cash,3,500.28,0.0,3.9,6.0,94,1500.84,1500.84,987.47,513.37,34.21
RET-50442,2023-12-25 02:20:57.397107896,South,Store,Clothing,Debit Card,6,1913.4,0.15,3.2,8.0,16,11480.4,9758.34,5296.46,4461.88,45.72
RET-50443,2023-12-25 21:50:15.350389320,South,Store,Beauty,UPI,9,400.68,0.1,5.0,7.0,147,3606.12,3245.51,1939.25,1306.26,40.25
RET-50444,2023-12-26 17:19:33.303670744,North,Store,Electronics,Debit Card,7,5826.91,0.2,3.4,2.0,191,40788.37,32630.7,26281.89,6348.81,19.46
RET-50445,2023-12-27 12:48:51.256952168,South,Store,Beauty,UPI,2,1273.8,0.1,3.3,6.0,201,2547.6,2292.84,1276.09,1016.75,44.34
RET-50446,2023-12-28 08:18:09.210233592,North,Store,Beauty,Credit Card,9,2655.3,0.05,2.8,5.0,109,23897.7,22702.82,17169.38,5533.44,24.37
RET-50447,2023-12-29 03:47:27.163515016,East,Wholesale,Clothing,Cash,13,640.32,0.15,3.9,6.0,116,8324.16,7075.54,5613.31,1462.23,20.67
RET-50448,2023-12-29 23:16:45.116796440,East,Store,Office Supplies,Net Banking,8,1363.33,0.05,3.8,8.0,232,10906.64,10361.31,8476.87,1884.44,18.19
RET-50449,2023-12-30 18:46:03.070077864,South,Store,Office Supplies,Credit Card,13,1800.53,0.2,4.5,5.0,160,23406.89,18725.51,8992.04,9733.47,51.98
RET-50450,2023-12-31 14:15:21.023359288,North,Store,Office Supplies,Credit Card,6,758.21,0.05,3.7,4.0,204,4549.26,4321.8,2079.52,2242.28,51.88
RET-50451,2024-01-01 09:44:38.976640712,East,Online,Beauty,Debit Card,6,1034.87,0.05,4.0,4.0,228,6209.22,5898.76,3104.42,2794.34,47.37
RET-50452,2024-01-02 05:13:56.929922136,West,Wholesale,Clothing,Net Banking,5,3302.29,0.1,3.9,6.0,35,16511.45,14860.3,10160.78,4699.52,31.62
RET-50453,2024-01-03 00:43:14.883203560,South,Online,Clothing,Net Banking,8,2733.21,0.05,4.0,3.0,37,21865.68,20772.4,13704.97,7067.43,34.02
RET-50454,2024-01-03 20:12:32.836484984,West,Store,Electronics,Net Banking,9,1748.31,0.05,3.7,6.0,243,15734.79,14948.05,11459.78,3488.27,23.34
RET-50455,2024-01-04 15:41:50.789766408,South,Wholesale,Furniture,Debit Card,2,4321.95,0.05,3.6,5.0,206,8643.9,8211.7,4120.97,4090.73,49.82
RET-50456,2024-01-05 11:11:08.743047832,West,Online,Furniture,Cash,14,338.76,0.0,4.1,1.0,80,4742.64,4742.64,3011.3,1731.34,36.51
RET-50457,2024-01-06 06:40:26.696329256,East,Online,Office Supplies,UPI,3,1450.09,0.1,4.7,5.0,67,4350.27,3915.24,2930.13,985.11,25.16
RET-50458,2024-01-07 02:09:44.649610680,West,Online,Furniture,Cash,8,936.53,0.1,5.0,3.0,17,7492.24,6743.02,4714.63,2028.39,30.08
RET-50459,2024-01-07 21:39:02.602892104,East,Wholesale,Clothing,UPI,5,3027.54,0.05,3.3,8.0,109,15137.7,14380.82,8575.41,5805.41,40.37
RET-50460,2024-01-08 17:08:20.556173528,South,Online,Office Supplies,Cash,13,2468.82,0.05,3.4,3.0,44,32094.66,30489.93,16719.53,13770.4,45.16
RET-50461,2024-01-09 12:37:38.509454952,West,Online,Office Supplies,Net Banking,10,2566.28,0.0,3.9,6.0,51,25662.8,25662.8,15919.04,9743.76,37.97
RET-50462,2024-01-10 08:06:56.462736372,West,Online,Beauty,Cash,1,814.12,0.05,4.6,4.0,117,814.12,773.41,412.01,361.4,46.73
RET-50463,2024-01-11 03:36:14.416017796,South,Wholesale,Clothing,Credit Card,1,1728.65,0.1,4.2,3.0,40,1728.65,1555.78,834.14,721.64,46.38
RET-50464,2024-01-11 23:05:32.369299220,East,Store,Beauty,Debit Card,3,2421.73,0.1,3.6,5.0,174,7265.19,6538.67,4962.05,1576.62,24.11
RET-50465,2024-01-12 18:34:50.322580644,West,Store,Office Supplies,Cash,12,2788.71,0.0,4.6,2.0,128,33464.52,33464.52,16719.93,16744.59,50.04
RET-50466,2024-01-13 14:04:08.275862068,North,Store,Furniture,UPI,13,657.15,0.0,3.1,4.0,105,8542.95,8542.95,6551.86,1991.09,23.31
RET-50467,2024-01-14 09:33:26.229143492,North,Store,Office Supplies,Debit Card,8,769.68,0.1,3.8,7.0,28,6157.44,5541.7,2919.82,2621.88,47.31
RET-50468,2024-01-15 05:02:44.182424916,East,Store,Office Supplies,Debit Card,8,1407.35,0.1,3.5,4.0,129,11258.8,10132.92,5442.5,4690.42,46.29
RET-50469,2024-01-16 00:32:02.135706340,East,Online,Furniture,Credit Card,10,2971.25,0.1,3.3,9.0,211,29712.5,26741.25,13684.43,13056.82,48.83
RET-50470,2024-01-16 20:01:20.088987764,South,Wholesale,Clothing,Credit Card,7,1795.9,0.1,3.1,6.0,53,12571.3,11314.17,6686.57,4627.6,40.9
RET-50471,2024-01-17 15:30:38.042269188,East,Online,Clothing,Debit Card,8,2934.67,0.05,3.6,2.0,159,23477.36,22303.49,14877.81,7425.68,33.29
RET-50472,2024-01-18 10:59:55.995550612,North,Online,Office Supplies,Net Banking,6,337.3,0.05,3.5,8.0,226,2023.8,1922.61,1210.5,712.11,37.04
RET-50473,2024-01-19 06:29:13.948832036,South,Wholesale,Beauty,Credit Card,7,1005.77,0.05,3.0,8.0,37,7040.39,6688.37,5210.56,1477.81,22.1
RET-50474,2024-01-20 01:58:31.902113460,West,Online,Clothing,Credit Card,5,1659.59,0.1,3.0,1.0,107,8297.95,7468.16,5203.73,2264.43,30.32
RET-50475,2024-01-20 21:27:49.855394884,North,Online,Electronics,UPI,11,1429.82,0.0,3.5,4.0,178,15728.02,15728.02,9441.23,6286.79,39.97
RET-50476,2024-01-21 16:57:07.808676308,East,Online,Electronics,Cash,10,350.98,0.1,4.3,8.0,77,3509.8,3158.82,1992.7,1166.12,36.92
RET-50477,2024-01-22 12:26:25.761957732,South,Store,Office Supplies,Debit Card,11,2454.43,0.15,3.2,4.0,49,26998.73,22948.92,12729.21,10219.71,44.53
RET-50478,2024-01-23 07:55:43.715239156,South,Store,Clothing,Credit Card,6,1501.99,0.05,4.2,5.0,158,9011.94,8561.34,6144.27,2417.07,28.23
RET-50479,2024-01-24 03:25:01.668520580,North,Store,Beauty,Net Banking,6,886.11,0.0,4.0,3.0,160,5316.66,5316.66,3504.77,1811.89,34.08
RET-50480,2024-01-24 22:54:19.621802004,East,Store,Electronics,Net Banking,7,2613.95,0.1,4.3,5.0,139,18297.65,16467.89,11427.54,5040.35,30.61
RET-50481,2024-01-25 18:23:37.575083428,East,Wholesale,Beauty,Net Banking,9,389.96,0.1,2.9,5.0,74,3509.64,3158.68,1549.73,1608.95,50.94
RET-50482,2024-01-26 13:52:55.528364852,North,Online,Office Supplies,Net Banking,11,860.67,0.15,3.4,8.0,84,9467.37,8047.26,6255.23,1792.03,22.27
RET-50483,2024-01-27 09:22:13.481646272,East,Store,Furniture,Credit Card,1,2131.76,0.0,4.4,3.0,159,2131.76,2131.76,1670.6,461.16,21.63
RET-50484,2024-01-28 04:51:31.434927696,East,Store,Furniture,Debit Card,14,1532.22,0.1,5.0,5.0,59,21451.08,19305.97,14013.59,5292.38,27.41
RET-50485,2024-01-29 00:20:49.388209120,West,Wholesale,Beauty,Net Banking,13,1036.94,0.05,3.6,8.0,43,13480.22,12806.21,6513.47,6292.74,49.14
RET-50486,2024-01-29 19:50:07.341490544,South,Store,Furniture,Net Banking,14,1085.85,0.0,2.9,6.0,140,15201.9,15201.9,9090.1,6111.8,40.2
RET-50487,2024-01-30 15:19:25.294771968,West,Online,Office Supplies,Credit Card,4,1030.99,0.1,4.2,2.0,218,4123.96,3711.56,2127.92,1583.64,42.67
RET-50488,2024-01-31 10:48:43.248053392,North,Store,Clothing,Credit Card,7,2108.61,0.1,4.9,6.0,145,14760.27,13284.24,8285.48,4998.76,37.63
RET-50489,2024-02-01 06:18:01.201334816,North,Store,Furniture,Cash,8,984.64,0.15,4.1,5.0,61,7877.12,6695.55,3446.29,3249.26,48.53
RET-50490,2024-02-02 01:47:19.154616240,West,Online,Beauty,UPI,2,1864.46,0.05,3.5,1.0,233,3728.92,3542.47,1975.52,1566.95,44.23
RET-50491,2024-02-02 21:16:37.107897664,West,Online,Beauty,Credit Card,6,309.04,0.05,3.5,7.0,75,1854.24,1761.53,1113.54,647.99,36.79
RET-50492,2024-02-03 16:45:55.061179088,West,Online,Beauty,Net Banking,1,2668.31,0.05,4.7,2.0,60,2668.31,2534.89,1963.31,571.58,22.55
RET-50493,2024-02-04 12:15:13.014460512,West,Wholesale,Clothing,UPI,2,5866.94,0.1,5.0,7.0,164,11733.88,10560.49,8073.95,2486.54,23.55
RET-50494,2024-02-05 07:44:30.967741936,South,Online,Furniture,Credit Card,7,1660.45,0.1,4.9,5.0,95,11623.15,10460.83,7340.5,3120.33,29.83
RET-50495,2024-02-06 03:13:48.921023360,East,Online,Office Supplies,Net Banking,5,1134.37,0.0,4.4,6.0,180,5671.85,5671.85,2765.22,2906.63,51.25
RET-50496,2024-02-06 22:43:06.874304784,South,Store,Furniture,Debit Card,2,847.49,0.2,4.3,2.0,149,1694.98,1355.98,880.37,475.61,35.08
RET-50497,2024-02-07 18:12:24.827586208,West,Store,Electronics,Debit Card,12,1891.12,0.15,3.9,3.0,28,22693.44,19289.42,15365.27,3924.15,20.34
RET-50498,2024-02-08 13:41:42.780867632,North,Online,Clothing,Net Banking,2,786.4,0.15,4.1,5.0,142,1572.8,1336.88,753.41,583.47,43.64
RET-50499,2024-02-09 09:11:00.734149056,North,Online,Clothing,Cash,4,704.79,0.1,3.9,3.0,132,2819.16,2537.24,1247.72,1289.52,50.82
RET-50500,2024-02-10 04:40:18.687430480,South,Wholesale,Clothing,Credit Card,4,300.75,0.05,2.8,3.0,100,1203.0,1142.85,676.38,466.47,40.82
RET-50501,2024-02-11 00:09:36.640711904,West,Online,Electronics,Cash,8,1404.97,0.1,2.4,4.0,117,11239.76,10115.78,6378.67,3737.11,36.94
RET-50502,2024-02-11 19:38:54.593993328,East,Wholesale,Clothing,Debit Card,14,993.31,0.2,4.3,3.0,227,13906.34,11125.07,8964.96,2160.11,19.42
RET-50503,2024-02-12 15:08:12.547274748,North,Online,Office Supplies,Cash,1,1029.37,0.15,3.9,5.0,21,1029.37,874.96,713.49,161.47,18.45
RET-50504,2024-02-13 10:37:30.500556172,South,Online,Office Supplies,Debit Card,3,1198.2,0.0,3.5,3.0,22,3594.6,3594.6,1827.11,1767.49,49.17
RET-50505,2024-02-14 06:06:48.453837596,South,Online,Furniture,Credit Card,5,757.33,0.15,4.1,1.0,32,3786.65,3218.65,2228.54,990.11,30.76
RET-50506,2024-02-15 01:36:06.407119020,West,Online,Office Supplies,Debit Card,2,1355.4,0.1,4.1,8.0,89,2710.8,2439.72,1502.04,937.68,38.43
RET-50507,2024-02-15 21:05:24.360400444,North,Store,Office Supplies,Net Banking,1,594.74,0.0,3.3,5.0,107,594.74,594.74,427.58,167.16,28.11
RET-50508,2024-02-16 16:34:42.313681868,East,Store,Beauty,Cash,13,1113.29,0.05,3.2,6.0,175,14472.77,13749.13,10805.56,2943.57,21.41
RET-50509,2024-02-17 12:04:00.266963292,South,Online,Clothing,Cash,4,999.4,0.15,4.5,1.0,31,3997.6,3397.96,2501.73,896.23,26.38
RET-50510,2024-02-18 07:33:18.220244716,West,Online,Electronics,Debit Card,9,395.32,0.1,3.3,2.0,66,3557.88,3202.09,2031.3,1170.79,36.56
RET-50511,2024-02-19 03:02:36.173526140,North,Store,Electronics,UPI,13,545.82,0.1,4.1,5.0,189,7095.66,6386.09,3146.31,3239.78,50.73
RET-50512,2024-02-19 22:31:54.126807564,West,Wholesale,Beauty,Debit Card,11,816.44,0.05,4.0,9.0,231,8980.84,8531.8,6779.5,1752.3,20.54
RET-50513,2024-02-20 18:01:12.080088988,East,Online,Clothing,UPI,1,832.56,0.0,3.8,5.0,212,832.56,832.56,664.24,168.32,20.22
RET-50514,2024-02-21 13:30:30.033370412,East,Store,Furniture,Cash,5,1420.2,0.1,3.8,4.0,70,7101.0,6390.9,4462.3,1928.6,30.18
RET-50515,2024-02-22 08:59:47.986651832,South,Store,Furniture,Net Banking,1,922.26,0.05,3.9,5.0,231,922.26,876.15,684.39,191.76,21.89
RET-50516,2024-02-23 04:29:05.939933256,North,Online,Clothing,Net Banking,14,1160.75,0.0,3.9,2.0,23,16250.5,16250.5,9624.3,6626.2,40.78
RET-50517,2024-02-23 23:58:23.893214680,South,Online,Clothing,Cash,7,919.98,0.1,3.2,2.0,139,6439.86,5795.87,3470.09,2325.78,40.13
RET-50518,2024-02-24 19:27:41.846496104,East,Store,Beauty,Net Banking,14,222.85,0.1,3.8,6.0,58,3119.9,2807.91,2270.34,537.57,19.14
RET-50519,2024-02-25 14:56:59.799777528,East,Store,Office Supplies,Credit Card,6,1107.51,0.05,4.4,5.0,167,6645.06,6312.81,3751.45,2561.36,40.57
RET-50520,2024-02-26 10:26:17.753058952,South,Store,Beauty,Credit Card,8,694.13,0.0,5.0,5.0,194,5553.04,5553.04,3522.94,2030.1,36.56
RET-50521,2024-02-27 05:55:35.706340376,North,Store,Office Supplies,Cash,1,1081.58,0.15,4.9,7.0,37,1081.58,919.34,542.93,376.41,40.94
RET-50522,2024-02-28 01:24:53.659621800,East,Online,Electronics,Credit Card,14,729.33,0.1,2.4,5.0,238,10210.62,9189.56,5085.74,4103.82,44.66
RET-50523,2024-02-28 20:54:11.612903224,West,Online,Office Supplies,Cash,13,1837.69,0.0,4.6,2.0,133,23889.97,23889.97,15016.07,8873.9,37.14
RET-50524,2024-02-29 16:23:29.566184648,South,Store,Beauty,Debit Card,8,1164.72,0.15,4.0,8.0,245,9317.76,7920.1,5829.29,2090.81,26.4
RET-50525,2024-03-01 11:52:47.519466072,North,Online,Office Supplies,Cash,4,1901.6,0.05,3.3,6.0,36,7606.4,7226.08,5282.51,1943.57,26.9
RET-50526,2024-03-02 07:22:05.472747496,North,Online,Office Supplies,Net Banking,7,1994.17,0.15,3.8,6.0,202,13959.19,11865.31,5885.63,5979.68,50.4
RET-50527,2024-03-03 02:51:23.426028920,North,Online,Office Supplies,UPI,7,830.28,0.15,4.8,3.0,83,5811.96,4940.17,2921.2,2018.97,40.87
RET-50528,2024-03-03 22:20:41.379310344,South,Store,Electronics,Cash,11,2038.57,0.0,4.1,5.0,141,22424.27,22424.27,16918.07,5506.2,24.55
RET-50529,2024-03-04 17:49:59.332591768,East,Online,Clothing,Net Banking,5,1392.36,0.1,3.7,7.0,47,6961.8,6265.62,4778.79,1486.83,23.73
RET-50530,2024-03-05 13:19:17.285873192,North,Wholesale,Electronics,UPI,10,603.3,0.15,3.5,3.0,100,6033.0,5128.05,3031.21,2096.84,40.89
RET-50531,2024-03-06 08:48:35.239154616,South,Online,Clothing,Net Banking,12,1112.87,0.2,3.8,6.0,84,13354.44,10683.55,8034.62,2648.93,24.79
RET-50532,2024-03-07 04:17:53.192436040,West,Online,Office Supplies,Net Banking,3,1275.66,0.1,3.8,7.0,55,3826.98,3444.28,2498.01,946.27,27.47
RET-50533,2024-03-07 23:47:11.145717464,South,Online,Furniture,Debit Card,11,2739.48,0.1,3.3,8.0,55,30134.28,27120.85,16239.57,10881.28,40.12
RET-50534,2024-03-08 19:16:29.098998888,South,Online,Electronics,Debit Card,8,956.72,0.2,2.9,2.0,117,7653.76,6123.01,4047.96,2075.05,33.89
RET-50535,2024-03-09 14:45:47.052280312,South,Online,Electronics,Net Banking,3,3331.37,0.0,3.3,2.0,10,9994.11,9994.11,5383.47,4610.64,46.13
RET-50536,2024-03-10 10:15:05.005561736,North,Online,Electronics,Credit Card,1,1979.3,0.1,4.1,3.0,125,1979.3,1781.37,872.94,908.43,51.0
RET-50537,2024-03-11 05:44:22.958843160,South,Online,Furniture,Net Banking,13,,0.1,2.5,4.0,39,3947.19,3552.47,1973.14,1579.33,44.46
RET-50538,2024-03-12 01:13:40.912124584,South,Store,Beauty,Cash,13,612.13,0.05,3.3,4.0,24,7957.69,7559.81,5106.76,2453.05,32.45
RET-50539,2024-03-12 20:42:58.865406008,North,Store,Electronics,Net Banking,1,1756.95,0.1,5.0,5.0,103,1756.95,1581.26,1177.25,404.01,25.55
RET-50540,2024-03-13 16:12:16.818687432,East,Online,Electronics,Credit Card,8,465.96,0.05,4.3,5.0,68,3727.68,3541.3,2799.44,741.86,20.95
RET-50541,2024-03-14 11:41:34.771968856,North,Wholesale,Furniture,Credit Card,2,1635.32,0.0,5.0,3.0,107,3270.64,3270.64,2560.52,710.12,21.71
RET-50542,2024-03-15 07:10:52.725250280,West,Store,Beauty,Cash,1,2947.69,0.05,4.6,6.0,241,2947.69,2800.31,1388.51,1411.8,50.42
RET-50543,2024-03-16 02:40:10.678531704,South,Store,Beauty,Cash,1,1008.05,0.0,4.7,2.0,152,1008.05,1008.05,778.58,229.47,22.76
RET-50544,2024-03-16 22:09:28.631813128,South,Store,Office Supplies,Cash,14,2996.13,0.1,4.5,4.0,92,41945.82,37751.24,19460.63,18290.61,48.45
RET-50545,2024-03-17 17:38:46.585094552,North,Online,Office Supplies,Debit Card,8,2837.37,0.15,3.6,2.0,105,22698.96,19294.12,9805.93,9488.19,49.18
RET-50546,2024-03-18 13:08:04.538375976,South,Store,Electronics,Net Banking,14,1156.85,0.0,4.1,8.0,35,16195.9,16195.9,9492.37,6703.53,41.39
RET-50547,2024-03-19 08:37:22.491657400,North,Store,Office Supplies,Cash,11,1174.26,0.15,5.0,1.0,106,12916.86,10979.33,6358.56,4620.77,42.09
RET-50548,2024-03-20 04:06:40.444938824,North,Wholesale,Beauty,Net Banking,11,1350.03,0.05,4.2,3.0,23,14850.33,14107.81,10824.13,3283.68,23.28
RET-50549,2024-03-20 23:35:58.398220248,North,Store,Beauty,Debit Card,2,1602.4,0.0,3.8,2.0,212,3204.8,3204.8,1955.64,1249.16,38.98
RET-50550,2024-03-21 19:05:16.351501672,West,Wholesale,Electronics,Net Banking,7,436.04,0.05,3.9,6.0,169,3052.28,2899.67,1679.55,1220.12,42.08
RET-50551,2024-03-22 14:34:34.304783096,North,Store,Office Supplies,UPI,8,1092.13,0.05,4.9,6.0,237,8737.04,8300.19,5504.18,2796.01,33.69
RET-50552,2024-03-23 10:03:52.258064520,North,Store,Electronics,Credit Card,9,404.42,0.15,3.1,4.0,45,3639.78,3093.81,2477.14,616.67,19.93
RET-50553,2024-03-24 05:33:10.211345944,East,Online,Furniture,Debit Card,2,958.86,0.1,5.0,2.0,83,1917.72,1725.95,993.79,732.16,42.42
RET-50554,2024-03-25 01:02:28.164627360,North,Store,Beauty,Debit Card,1,1040.51,0.0,3.8,2.0,140,1040.51,1040.51,792.13,248.38,23.87
RET-50555,2024-03-25 20:31:46.117908784,West,Wholesale,Electronics,UPI,9,368.24,0.0,3.9,3.0,131,3314.16,3314.16,2411.7,902.46,27.23
RET-50556,2024-03-26 16:01:04.071190208,North,Online,Office Supplies,Debit Card,2,527.83,0.1,3.7,5.0,246,1055.66,950.09,607.58,342.51,36.05
RET-50557,2024-03-27 11:30:22.024471632,West,Online,Furniture,Net Banking,14,926.41,0.1,4.1,7.0,29,12969.74,11672.77,8559.31,3113.46,26.67
RET-50558,2024-03-28 06:59:39.977753056,East,Online,Clothing,Net Banking,5,4886.84,0.1,4.0,5.0,195,24434.2,21990.78,14272.69,7718.09,35.1
RET-50559,2024-03-29 02:28:57.931034480,West,Online,Clothing,UPI,13,487.21,0.0,4.3,7.0,137,6333.73,6333.73,4551.38,1782.35,28.14
RET-50560,2024-03-29 21:58:15.884315904,South,Online,Clothing,Cash,6,1301.19,0.1,3.7,4.0,185,7807.14,7026.43,4215.97,2810.46,40.0
RET-50561,2024-03-30 17:27:33.837597328,West,Online,Furniture,UPI,6,671.34,0.05,3.2,4.0,78,4028.04,3826.64,2454.91,1371.73,35.85
RET-50562,2024-03-31 12:56:51.790878752,West,Online,Clothing,Debit Card,11,940.39,0.0,3.5,5.0,245,10344.29,10344.29,5705.86,4638.43,44.84
RET-50563,2024-04-01 08:26:09.744160176,West,Store,Office Supplies,Credit Card,13,2276.61,0.05,3.3,5.0,225,29595.93,28116.13,16509.8,11606.33,41.28
RET-50564,2024-04-02 03:55:27.697441600,West,Online,Furniture,Cash,3,1468.34,0.1,3.0,3.0,59,4405.02,3964.52,3241.33,723.19,18.24
RET-50565,2024-04-02 23:24:45.650723024,West,Store,Beauty,Debit Card,7,1582.61,0.1,4.3,6.0,107,11078.27,9970.44,6809.8,3160.64,31.7
RET-50566,2024-04-03 18:54:03.604004448,West,Wholesale,Furniture,Debit Card,2,1648.75,0.05,4.3,5.0,83,3297.5,3132.62,2171.48,961.14,30.68
RET-50567,2024-04-04 14:23:21.557285872,South,Online,Office Supplies,Debit Card,10,1744.37,0.1,2.8,3.0,34,17443.7,15699.33,9276.45,6422.88,40.91
RET-50568,2024-04-05 09:52:39.510567296,North,Online,Office Supplies,Net Banking,10,294.44,0.05,3.2,6.0,181,2944.4,2797.18,1926.72,870.46,31.12
RET-50569,2024-04-06 05:21:57.463848720,South,Store,Clothing,Cash,2,1542.26,0.1,4.7,4.0,94,3084.52,2776.07,1575.28,1200.79,43.26
RET-50570,2024-04-07 00:51:15.417130144,East,Online,Office Supplies,Debit Card,13,1135.44,0.15,4.3,4.0,218,14760.72,12546.61,7619.29,4927.32,39.27
RET-50571,2024-04-07 20:20:33.370411568,South,Store,Furniture,Cash,14,1553.74,0.1,4.8,4.0,98,21752.36,19577.12,15913.6,3663.52,18.71
RET-50572,2024-04-08 15:49:51.323692992,West,Store,Clothing,Credit Card,13,2066.73,0.05,3.4,5.0,152,26867.49,25524.12,18894.49,6629.63,25.97
RET-50573,2024-04-09 11:19:09.276974416,West,Online,Clothing,UPI,12,1572.24,0.0,2.4,6.0,18,18866.88,18866.88,11826.8,7040.08,37.31
RET-50574,2024-04-10 06:48:27.230255840,West,Store,Clothing,Debit Card,11,1879.64,0.05,2.8,2.0,96,20676.04,19642.24,13165.46,6476.78,32.97
RET-50575,2024-04-11 02:17:45.183537264,South,Store,Clothing,Debit Card,4,560.39,0.15,4.2,5.0,221,2241.56,1905.33,1115.48,789.85,41.45
RET-50576,2024-04-11 21:47:03.136818688,North,Store,Office Supplies,Debit Card,14,1605.44,0.05,3.1,4.0,116,22476.16,21352.35,15356.39,5995.96,28.08
RET-50577,2024-04-12 17:16:21.090100112,West,Wholesale,Clothing,Debit Card,5,1117.73,0.1,4.9,3.0,67,5588.65,5029.78,2913.62,2116.16,42.07
RET-50578,2024-04-13 12:45:39.043381536,North,Online,Beauty,Debit Card,8,1134.4,0.0,4.0,2.0,173,9075.2,9075.2,6954.85,2120.35,23.36
RET-50579,2024-04-14 08:14:56.996662960,West,Store,Beauty,Credit Card,10,2793.82,0.0,4.3,6.0,128,27938.2,27938.2,22399.84,5538.36,19.82
RET-50580,2024-04-15 03:44:14.949944384,East,Store,Furniture,Cash,11,873.44,0.15,4.4,4.0,236,9607.84,8166.66,5779.1,2387.56,29.24
RET-50581,2024-04-15 23:13:32.903225808,East,Online,Office Supplies,Net Banking,5,778.04,0.1,4.7,5.0,87,3890.2,3501.18,1920.04,1581.14,45.16
RET-50582,2024-04-16 18:42:50.856507232,North,Store,Electronics,Debit Card,6,510.94,0.0,4.1,5.0,35,3065.64,3065.64,1927.63,1138.01,37.12
RET-50583,2024-04-17 14:12:08.809788656,North,Store,Clothing,UPI,7,990.23,0.15,4.2,7.0,214,6931.61,5891.87,3407.12,2484.75,42.17
RET-50584,2024-04-18 09:41:26.763070080,North,Online,Beauty,Debit Card,5,2406.73,0.15,2.7,7.0,240,12033.65,10228.6,6188.88,4039.72,39.49
RET-50585,2024-04-19 05:10:44.716351504,South,Wholesale,Furniture,Net Banking,5,405.86,0.1,3.2,6.0,75,2029.3,1826.37,977.35,849.02,46.49
RET-50586,2024-04-20 00:40:02.669632928,North,Store,Clothing,UPI,13,1412.86,0.05,4.3,6.0,36,18367.18,17448.82,11962.52,5486.3,31.44
RET-50587,2024-04-20 20:09:20.622914352,East,Online,Electronics,Credit Card,4,231.32,0.05,4.1,9.0,122,925.28,879.02,518.9,360.12,40.97
RET-50588,2024-04-21 15:38:38.576195776,South,Store,Clothing,Cash,7,766.17,0.05,3.7,5.0,51,5363.19,5095.03,2733.63,2361.4,46.35
RET-50589,2024-04-22 11:07:56.529477200,North,Store,Electronics,Credit Card,3,1594.71,0.1,3.5,6.0,136,4784.13,4305.72,3441.54,864.18,20.07
RET-50590,2024-04-23 06:37:14.482758624,East,Store,Electronics,Net Banking,11,845.57,0.0,4.4,6.0,117,9301.27,9301.27,4557.17,4744.1,51.0
RET-50591,2024-04-24 02:06:32.436040048,West,Wholesale,Furniture,Debit Card,12,549.36,0.15,4.1,3.0,120,6592.32,5603.47,4592.1,1011.37,18.05
RET-50592,2024-04-24 21:35:50.389321472,North,Wholesale,Clothing,Cash,7,944.57,0.2,3.7,5.0,45,6611.99,5289.59,2726.0,2563.59,48.46
RET-50593,2024-04-25 17:05:08.342602896,East,Online,Beauty,Net Banking,1,2282.43,0.1,5.0,5.0,217,2282.43,2054.19,1295.95,758.24,36.91
RET-50594,2024-04-26 12:34:26.295884320,North,Store,Office Supplies,Net Banking,2,3164.77,0.0,3.8,5.0,142,6329.54,6329.54,4083.48,2246.06,35.49
RET-50595,2024-04-27 08:03:44.249165736,West,Online,Office Supplies,Net Banking,4,3206.75,0.05,3.5,5.0,206,12827.0,12185.65,8920.33,3265.32,26.8
RET-50596,2024-04-28 03:33:02.202447160,North,Online,Office Supplies,Credit Card,2,1869.76,0.0,4.8,5.0,111,3739.52,3739.52,2957.68,781.84,20.91
RET-50597,2024-04-28 23:02:20.155728584,North,Online,Beauty,Credit Card,4,1516.94,0.1,3.4,6.0,147,6067.76,5460.98,3337.16,2123.82,38.89
RET-50598,2024-04-29 18:31:38.109010008,West,Online,Office Supplies,Net Banking,8,2277.59,0.05,3.5,3.0,75,18220.72,17309.68,12462.64,4847.04,28.0
RET-50599,2024-04-30 14:00:56.062291432,North,Store,Electronics,Debit Card,9,565.91,0.05,4.2,5.0,243,5093.19,4838.53,2363.28,2475.25,51.16
RET-50600,2024-05-01 09:30:14.015572856,North,Store,Furniture,UPI,10,639.12,0.0,5.0,3.0,216,6391.2,6391.2,3120.75,3270.45,51.17
RET-50601,2024-05-02 04:59:31.968854280,North,Online,Clothing,Credit Card,14,2778.28,0.1,3.7,1.0,238,38895.92,35006.33,20800.49,14205.84,40.58
RET-50602,2024-05-03 00:28:49.922135704,North,Store,Furniture,Net Banking,11,2093.63,0.1,2.6,2.0,103,23029.93,20726.94,12665.4,8061.54,38.89
RET-50603,2024-05-03 19:58:07.875417128,South,Store,Office Supplies,UPI,7,2119.38,0.1,4.7,5.0,193,14835.66,13352.09,8159.11,5192.98,38.89
RET-50604,2024-05-04 15:27:25.828698552,West,Wholesale,Office Supplies,Net Banking,5,,0.0,4.0,6.0,200,6930.6,6930.6,4315.85,2614.75,37.73
RET-50605,2024-05-05 10:56:43.781979976,West,Online,Clothing,Debit Card,13,701.93,0.1,4.6,4.0,225,9125.09,8212.58,5675.9,2536.68,30.89
RET-50606,2024-05-06 06:26:01.735261400,East,Online,Furniture,Net Banking,1,594.67,0.15,4.3,4.0,70,594.67,505.47,279.95,225.52,44.62
RET-50607,2024-05-07 01:55:19.688542824,East,Online,Clothing,UPI,11,2207.92,0.15,4.8,5.0,73,24287.12,20644.05,12576.71,8067.34,39.08
RET-50608,2024-05-07 21:24:37.641824248,North,Online,Beauty,Credit Card,8,2425.79,0.2,4.1,4.0,192,19406.32,15525.06,9202.48,6322.58,40.72
RET-50609,2024-05-08 16:53:55.595105672,North,Online,Furniture,UPI,7,579.27,0.15,2.8,6.0,30,4054.89,3446.66,2817.59,629.07,18.25
RET-50610,2024-05-09 12:23:13.548387096,South,Online,Clothing,UPI,3,742.03,0.1,3.9,7.0,23,2226.09,2003.48,1076.74,926.74,46.26
RET-50611,2024-05-10 07:52:31.501668520,East,Online,Furniture,Cash,4,1122.37,0.0,5.0,7.0,206,4489.48,4489.48,2234.8,2254.68,50.22
RET-50612,2024-05-11 03:21:49.454949944,West,Online,Electronics,Cash,5,2118.77,0.2,5.0,3.0,165,10593.85,8475.08,4608.16,3866.92,45.63
RET-50613,2024-05-11 22:51:07.408231368,North,Online,Furniture,Debit Card,1,961.72,0.0,4.8,3.0,244,961.72,961.72,698.54,263.18,27.37
RET-50614,2024-05-12 18:20:25.361512792,North,Store,Electronics,UPI,8,689.61,0.05,4.1,8.0,181,5516.88,5241.04,2816.44,2424.6,46.26
RET-50615,2024-05-13 13:49:43.314794216,East,Store,Office Supplies,Credit Card,8,2281.41,0.15,3.3,7.0,109,18251.28,15513.59,10557.46,4956.13,31.95
RET-50616,2024-05-14 09:19:01.268075640,West,Online,Beauty,Cash,6,1769.24,0.2,5.0,7.0,102,10615.44,8492.35,6034.79,2457.56,28.94
RET-50617,2024-05-15 04:48:19.221357064,North,Online,Office Supplies,UPI,13,764.19,0.05,3.3,5.0,153,9934.47,9437.75,5418.08,4019.67,42.59
RET-50618,2024-05-16 00:17:37.174638488,South,Store,Electronics,Credit Card,7,781.72,0.15,4.0,4.0,210,5472.04,4651.23,3536.77,1114.46,23.96
RET-50619,2024-05-16 19:46:55.127919912,West,Store,Clothing,Net Banking,2,2468.98,0.0,3.8,6.0,175,4937.96,4937.96,3963.81,974.15,19.73
RET-50620,2024-05-17 15:16:13.081201336,West,Online,Beauty,UPI,1,521.92,0.05,4.3,3.0,160,521.92,495.82,281.13,214.69,43.3
RET-50621,2024-05-18 10:45:31.034482760,West,Store,Electronics,UPI,6,991.98,0.0,4.4,4.0,213,5951.88,5951.88,3551.52,2400.36,40.33
RET-50622,2024-05-19 06:14:48.987764184,South,Wholesale,Office Supplies,Credit Card,3,1607.0,0.1,5.0,6.0,82,4821.0,4338.9,2888.78,1450.12,33.42
RET-50623,2024-05-20 01:44:06.941045608,West,Store,Beauty,Cash,13,1335.32,0.0,5.0,5.0,243,17359.16,17359.16,10304.34,7054.82,40.64
RET-50624,2024-05-20 21:13:24.894327032,South,Store,Beauty,UPI,12,2195.57,0.1,3.9,3.0,198,26346.84,23712.16,18431.37,5280.79,22.27
RET-50625,2024-05-21 16:42:42.847608456,North,Wholesale,Clothing,Credit Card,14,394.62,0.05,3.8,6.0,42,5524.68,5248.45,4284.07,964.38,18.37
RET-50626,2024-05-22 12:12:00.800889880,North,Online,Office Supplies,Debit Card,8,1213.81,0.05,3.2,4.0,94,9710.48,9224.96,5911.45,3313.51,35.92
RET-50627,2024-05-23 07:41:18.754171304,East,Wholesale,Beauty,Debit Card,7,1459.48,0.1,4.5,6.0,94,10216.36,9194.72,6567.15,2627.57,28.58
RET-50628,2024-05-24 03:10:36.707452728,East,Online,Electronics,Credit Card,13,1490.57,0.1,2.8,4.0,86,19377.41,17439.67,8695.85,8743.82,50.14
RET-50629,2024-05-24 22:39:54.660734152,East,Store,Clothing,Net Banking,9,1745.98,0.05,3.0,5.0,64,15713.82,14928.13,10655.11,4273.02,28.62
RET-50630,2024-05-25 18:09:12.614015576,West,Online,Office Supplies,Credit Card,13,562.06,0.0,3.9,3.0,102,7306.78,7306.78,3963.0,3343.78,45.76
RET-50631,2024-05-26 13:38:30.567297000,North,Online,Furniture,Net Banking,3,3069.96,0.15,4.1,8.0,99,9209.88,7828.4,4855.54,2972.86,37.98
RET-50632,2024-05-27 09:07:48.520578424,South,Online,Clothing,UPI,3,1611.96,0.1,3.7,8.0,197,4835.88,4352.29,3567.0,785.29,18.04
RET-50633,2024-05-28 04:37:06.473859848,,Wholesale,Office Supplies,Cash,1,1727.6,0.2,4.4,3.0,110,1727.6,1382.08,755.3,626.78,45.35
RET-50634,2024-05-29 00:06:24.427141272,South,Online,Electronics,Cash,6,824.78,0.0,3.7,4.0,185,4948.68,4948.68,3746.44,1202.24,24.29
RET-50635,2024-05-29 19:35:42.380422696,West,Online,Electronics,UPI,12,1349.6,0.2,4.9,7.0,74,16195.2,12956.16,6510.42,6445.74,49.75
RET-50636,2024-05-30 15:05:00.333704112,East,Store,Furniture,Cash,8,2849.44,0.15,4.3,3.0,144,22795.52,19376.19,14836.68,4539.51,23.43
RET-50637,2024-05-31 10:34:18.286985536,South,Store,Furniture,Debit Card,8,1188.22,0.15,3.7,7.0,146,9505.76,8079.9,4130.28,3949.62,48.88
RET-50638,2024-06-01 06:03:36.240266960,East,Online,Furniture,Debit Card,2,1362.48,0.05,3.4,6.0,241,2724.96,2588.71,1251.72,1336.99,51.65
RET-50639,2024-06-02 01:32:54.193548384,East,Store,Beauty,Cash,2,1474.31,0.15,5.0,4.0,121,2948.62,2506.33,1282.95,1223.38,48.81
RET-50640,2024-06-02 21:02:12.146829808,West,Store,Beauty,Debit Card,2,415.13,0.1,3.7,7.0,165,830.26,747.23,541.36,205.87,27.55
RET-50641,2024-06-03 16:31:30.100111232,West,Wholesale,Clothing,Cash,6,1072.68,0.15,3.0,5.0,105,6436.08,5470.67,3284.46,2186.21,39.96
RET-50642,2024-06-04 12:00:48.053392656,North,Online,Furniture,Cash,12,1882.84,0.05,4.4,5.0,108,22594.08,21464.38,11436.52,10027.86,46.72
RET-50643,2024-06-05 07:30:06.006674080,East,Store,Office Supplies,Credit Card,11,873.51,0.15,3.6,5.0,113,9608.61,8167.32,6001.74,2165.58,26.52
RET-50644,2024-06-06 02:59:23.959955504,West,Online,Electronics,Net Banking,12,1167.55,0.0,5.0,5.0,206,14010.6,14010.6,9863.01,4147.59,29.6
RET-50645,2024-06-06 22:28:41.913236928,East,Wholesale,Office Supplies,UPI,5,1174.73,0.05,3.6,3.0,165,5873.65,5579.97,2851.85,2728.12,48.89
RET-50646,2024-06-07 17:57:59.866518352,West,Store,Beauty,Net Banking,6,429.71,0.05,3.1,5.0,159,2578.26,2449.35,1657.04,792.31,32.35
RET-50647,2024-06-08 13:27:17.819799776,West,Online,Electronics,Cash,14,2024.09,0.0,3.0,4.0,27,28337.26,28337.26,18127.93,10209.33,36.03
RET-50648,2024-06-09 08:56:35.773081200,East,Wholesale,Beauty,,10,497.68,0.05,2.7,4.0,200,4976.8,4727.96,3686.99,1040.97,22.02
RET-50649,2024-06-10 04:25:53.726362624,West,Wholesale,Clothing,Credit Card,10,1579.42,0.1,4.5,5.0,123,15794.2,14214.78,11038.65,3176.13,22.34
RET-50650,2024-06-10 23:55:11.679644048,North,Online,Clothing,Net Banking,8,1100.19,0.1,5.0,4.0,171,8801.52,7921.37,4950.92,2970.45,37.5
RET-50651,2024-06-11 19:24:29.632925472,West,Online,Electronics,Credit Card,2,961.36,0.15,4.2,5.0,124,1922.72,1634.31,1092.45,541.86,33.16
RET-50652,2024-06-12 14:53:47.586206896,East,Online,Electronics,Cash,11,1253.24,0.15,3.8,6.0,224,13785.64,11717.79,7218.28,4499.51,38.4
RET-50653,2024-06-13 10:23:05.539488320,West,Online,Clothing,Cash,6,1958.57,0.05,3.3,3.0,160,11751.42,11163.85,6164.36,4999.49,44.78
RET-50654,2024-06-14 05:52:23.492769744,South,Online,Office Supplies,Credit Card,5,2036.17,0.1,4.5,4.0,237,10180.85,9162.77,6624.3,2538.47,27.7
RET-50655,2024-06-15 01:21:41.446051168,North,Wholesale,Electronics,Cash,11,907.19,0.0,3.2,3.0,96,9979.09,9979.09,7093.77,2885.32,28.91
RET-50656,2024-06-15 20:50:59.399332592,West,Online,Beauty,Cash,7,1078.34,0.1,3.6,4.0,243,7548.38,6793.54,3467.09,3326.45,48.96
RET-50657,2024-06-16 16:20:17.352614016,East,Store,Furniture,Debit Card,3,686.39,0.0,3.8,6.0,122,2059.17,2059.17,1558.23,500.94,24.33
RET-50658,2024-06-17 11:49:35.305895440,East,Store,Clothing,Cash,13,464.1,0.0,4.7,5.0,195,6033.3,6033.3,4770.08,1263.22,20.94
RET-50659,2024-06-18 07:18:53.259176864,South,Wholesale,Furniture,Cash,6,2226.5,0.15,4.5,2.0,93,13359.0,11355.15,7037.68,4317.47,38.02
RET-50660,2024-06-19 02:48:11.212458288,South,Store,Beauty,Net Banking,12,588.08,0.1,5.0,3.0,222,7056.96,6351.26,3734.25,2617.01,41.2
RET-50661,2024-06-19 22:17:29.165739712,North,Store,Electronics,UPI,6,744.07,0.05,5.0,5.0,198,4464.42,4241.2,2343.75,1897.45,44.74
RET-50662,2024-06-20 17:46:47.119021136,South,Online,Furniture,Debit Card,5,1535.62,0.1,3.9,1.0,79,7678.1,6910.29,5168.66,1741.63,25.2
RET-50663,2024-06-21 13:16:05.072302560,West,Online,Beauty,Cash,12,499.73,0.05,5.0,4.0,22,5996.76,5696.92,3114.44,2582.48,45.33
RET-50664,2024-06-22 08:45:23.025583984,South,Store,Beauty,Debit Card,13,1639.49,0.1,5.0,3.0,204,21313.37,19182.03,14777.72,4404.31,22.96
RET-50665,2024-06-23 04:14:40.978865408,North,Online,Office Supplies,UPI,5,693.42,0.15,4.2,4.0,91,3467.1,2947.04,1752.17,1194.87,40.54
RET-50666,2024-06-23 23:43:58.932146832,West,Online,Electronics,UPI,6,573.29,0.0,5.0,1.0,234,3439.74,3439.74,1884.05,1555.69,45.23
RET-50667,2024-06-24 19:13:16.885428256,West,Online,Office Supplies,Debit Card,8,822.74,0.05,4.7,4.0,182,6581.92,6252.82,5120.03,1132.79,18.12
RET-50668,2024-06-25 14:42:34.838709680,East,Store,Office Supplies,Debit Card,10,690.14,0.05,5.0,4.0,115,6901.4,6556.33,5058.46,1497.87,22.85
RET-50669,2024-06-26 10:11:52.791991104,East,Online,Office Supplies,Debit Card,8,1399.0,0.1,2.3,1.0,154,11192.0,10072.8,6039.71,4033.09,40.04
RET-50670,2024-06-27 05:41:10.745272528,East,Store,Beauty,Credit Card,10,3016.54,0.0,3.4,5.0,50,30165.4,30165.4,16821.87,13343.53,44.23
RET-50671,2024-06-28 01:10:28.698553952,South,Online,Office Supplies,Net Banking,12,1859.78,0.1,3.1,5.0,144,22317.36,20085.62,14294.94,5790.68,28.83
RET-50672,2024-06-28 20:39:46.651835376,East,Online,Beauty,Cash,6,1623.42,0.15,4.2,6.0,68,9740.52,8279.44,5684.4,2595.04,31.34
RET-50673,2024-06-29 16:09:04.605116800,South,Store,Office Supplies,Credit Card,12,804.42,0.05,4.2,3.0,53,9653.04,9170.39,6988.39,2182.0,23.79
RET-50674,2024-06-30 11:38:22.558398224,North,Store,Office Supplies,Net Banking,12,1025.92,0.05,3.2,5.0,121,12311.04,11695.49,8046.66,3648.83,31.2
RET-50675,2024-07-01 07:07:40.511679648,North,Wholesale,Electronics,UPI,14,1274.25,0.0,3.6,4.0,74,17839.5,17839.5,11034.03,6805.47,38.15
RET-50676,2024-07-02 02:36:58.464961072,East,Store,Office Supplies,Net Banking,7,1142.25,0.1,4.1,6.0,38,7995.75,7196.18,4493.18,2703.0,37.56
RET-50677,2024-07-02 22:06:16.418242488,East,Store,Electronics,Credit Card,12,1301.23,0.1,3.9,6.0,134,15614.76,14053.28,8207.44,5845.84,41.6
RET-50678,2024-07-03 17:35:34.371523912,North,Store,Office Supplies,UPI,14,542.35,0.1,4.0,3.0,190,7592.9,6833.61,3791.56,3042.05,44.52
RET-50679,2024-07-04 13:04:52.324805336,North,Online,Electronics,UPI,14,3717.09,0.1,3.7,5.0,128,52039.26,46835.33,28022.12,18813.21,40.17
RET-50680,2024-07-05 08:34:10.278086760,North,Store,Clothing,Cash,14,492.29,0.15,3.2,6.0,68,6892.06,5858.25,4182.18,1676.07,28.61
RET-50681,2024-07-06 04:03:28.231368184,East,Store,Clothing,UPI,6,1064.06,0.15,4.4,4.0,141,6384.36,5426.71,4443.11,983.6,18.13
RET-50682,2024-07-06 23:32:46.184649608,South,Store,Electronics,Cash,13,2000.81,0.0,3.1,6.0,31,26010.53,26010.53,20225.55,5784.98,22.24
RET-50683,2024-07-07 19:02:04.137931032,West,Online,Furniture,Debit Card,7,719.09,0.1,4.5,5.0,139,5033.63,4530.27,2492.04,2038.23,44.99
RET-50684,2024-07-08 14:31:22.091212456,East,Store,Office Supplies,Credit Card,13,2309.01,0.1,4.1,5.0,122,30017.13,27015.42,20200.37,6815.05,25.23
RET-50685,2024-07-09 10:00:40.044493880,West,Wholesale,Furniture,Credit Card,12,465.87,0.1,4.6,4.0,150,5590.44,5031.4,2634.49,2396.91,47.64
RET-50686,2024-07-10 05:29:57.997775304,East,Online,Clothing,Debit Card,3,718.44,0.05,4.6,3.0,96,2155.32,2047.55,1597.45,450.1,21.98
RET-50687,2024-07-11 00:59:15.951056728,East,Store,Furniture,Cash,2,252.46,0.0,3.0,1.0,68,504.92,504.92,288.46,216.46,42.87
RET-50688,2024-07-11 20:28:33.904338152,West,Online,Clothing,Debit Card,10,2276.53,0.15,3.2,1.0,24,22765.3,19350.5,12476.48,6874.02,35.52
RET-50689,2024-07-12 15:57:51.857619576,North,Online,Office Supplies,Debit Card,4,534.61,0.0,2.4,2.0,49,2138.44,2138.44,1134.44,1004.0,46.95
RET-50690,2024-07-13 11:27:09.810901000,South,Store,Furniture,Credit Card,11,739.86,0.1,3.0,5.0,119,8138.46,7324.61,4765.65,2558.96,34.94
RET-50691,2024-07-14 06:56:27.764182424,North,Online,Office Supplies,Cash,11,1906.27,0.2,3.3,3.0,150,20968.97,16775.18,13521.06,3254.12,19.4
RET-50692,2024-07-15 02:25:45.717463848,East,Online,Office Supplies,Debit Card,8,1447.27,0.1,4.5,4.0,61,11578.16,10420.34,8069.48,2350.86,22.56
RET-50693,2024-07-15 21:55:03.670745272,East,Online,Electronics,Debit Card,11,2309.04,0.0,4.3,5.0,120,25399.44,25399.44,15541.02,9858.42,38.81
RET-50694,2024-07-16 17:24:21.624026696,South,Store,Office Supplies,Net Banking,8,1759.81,0.15,2.8,1.0,36,14078.48,11966.71,6129.84,5836.87,48.78
RET-50695,2024-07-17 12:53:39.577308120,South,Store,Beauty,Credit Card,8,2060.74,0.1,4.5,4.0,105,16485.92,14837.33,10205.8,4631.53,31.22
RET-50696,2024-07-18 08:22:57.530589544,West,Store,Clothing,UPI,3,844.46,0.15,3.6,8.0,32,2533.38,2153.37,1564.66,588.71,27.34
RET-50697,2024-07-19 03:52:15.483870968,South,Online,Furniture,UPI,9,1091.08,0.05,4.1,4.0,66,9819.72,9328.73,7351.04,1977.69,21.2
RET-50698,2024-07-19 23:21:33.437152392,East,Online,Furniture,Net Banking,3,1863.94,0.15,4.0,3.0,165,5591.82,4753.05,3504.2,1248.85,26.27
RET-50699,2024-07-20 18:50:51.390433816,East,Online,Clothing,Cash,9,1880.11,0.1,3.8,4.0,180,16920.99,15228.89,11919.79,3309.1,21.73
RET-50700,2024-07-21 14:20:09.343715240,South,Wholesale,Beauty,Cash,11,2131.37,0.05,4.8,2.0,200,23445.07,22272.82,16296.93,5975.89,26.83
RET-50701,2024-07-22 09:49:27.296996664,East,Online,Clothing,UPI,11,700.56,0.05,3.0,5.0,129,7706.16,7320.85,4433.93,2886.92,39.43
RET-50702,2024-07-23 05:18:45.250278088,South,Online,Office Supplies,Net Banking,3,565.11,0.0,4.4,8.0,42,1695.33,1695.33,1376.0,319.33,18.84
RET-50703,2024-07-24 00:48:03.203559512,East,Store,Office Supplies,Cash,12,509.69,0.0,4.9,8.0,215,6116.28,6116.28,3515.71,2600.57,42.52
RET-50704,2024-07-24 20:17:21.156840936,South,Store,Office Supplies,Debit Card,11,847.0,0.0,3.7,1.0,180,9317.0,9317.0,5955.04,3361.96,36.08
RET-50705,2024-07-25 15:46:39.110122360,South,Store,Beauty,Debit Card,3,1078.72,0.0,3.6,4.0,68,3236.16,3236.16,2239.93,996.23,30.78
RET-50706,2024-07-26 11:15:57.063403784,East,Store,Electronics,Cash,2,530.39,0.15,3.3,6.0,167,1060.78,901.66,618.36,283.3,31.42
RET-50707,2024-07-27 06:45:15.016685208,North,Online,Office Supplies,Debit Card,10,1022.01,0.1,4.1,4.0,14,10220.1,9198.09,6556.77,2641.32,28.72
RET-50708,2024-07-28 02:14:32.969966632,West,Wholesale,Beauty,Net Banking,6,1736.21,0.05,4.2,8.0,142,10417.26,9896.4,6681.72,3214.68,32.48
RET-50709,2024-07-28 21:43:50.923248056,West,Online,Office Supplies,Debit Card,7,2190.33,0.1,4.2,3.0,14,15332.31,13799.08,7223.29,6575.79,47.65
RET-50710,2024-07-29 17:13:08.876529480,North,Online,Office Supplies,Credit Card,1,786.25,0.15,2.5,6.0,141,786.25,668.31,505.18,163.13,24.41
RET-50711,2024-07-30 12:42:26.829810904,South,Store,Office Supplies,UPI,4,1665.81,0.05,5.0,4.0,118,6663.24,6330.08,4547.66,1782.42,28.16
RET-50712,2024-07-31 08:11:44.783092328,South,Store,Electronics,Net Banking,10,502.36,0.05,4.6,3.0,179,5023.6,4772.42,2524.55,2247.87,47.1
RET-50713,2024-08-01 03:41:02.736373752,West,Online,Office Supplies,Net Banking,9,749.84,0.0,3.9,1.0,33,6748.56,6748.56,4741.02,2007.54,29.75
RET-50714,2024-08-01 23:10:20.689655176,East,Wholesale,Electronics,UPI,5,1234.13,0.0,4.3,5.0,61,6170.65,6170.65,3442.7,2727.95,44.21
RET-50715,2024-08-02 18:39:38.642936600,East,Online,Office Supplies,UPI,5,756.85,0.0,3.1,6.0,161,3784.25,3784.25,2479.82,1304.43,34.47
RET-50716,2024-08-03 14:08:56.596218024,South,Store,Clothing,Cash,7,694.15,0.1,4.3,6.0,78,4859.05,4373.15,2780.68,1592.47,36.41
RET-50717,2024-08-04 09:38:14.549499448,West,Online,Furniture,Credit Card,5,1370.81,0.1,3.5,6.0,34,6854.05,6168.64,3341.83,2826.81,45.83
RET-50718,2024-08-05 05:07:32.502780864,,Online,Office Supplies,Debit Card,5,604.55,0.1,4.2,5.0,129,3022.75,2720.48,1681.1,1039.38,38.21
RET-50719,2024-08-06 00:36:50.456062288,North,Online,Clothing,Credit Card,5,1237.29,0.1,3.3,5.0,249,6186.45,5567.8,3238.52,2329.28,41.83
RET-50720,2024-08-06 20:06:08.409343712,West,Store,Beauty,Net Banking,8,1073.73,0.0,3.7,7.0,181,8589.84,8589.84,6286.85,2302.99,26.81
RET-50721,2024-08-07 15:35:26.362625136,North,Online,Beauty,Net Banking,8,1601.97,0.1,4.3,1.0,108,12815.76,11534.18,5744.89,5789.29,50.19
RET-50722,2024-08-08 11:04:44.315906560,East,Store,Furniture,Debit Card,10,1879.54,0.15,3.6,6.0,66,18795.4,15976.09,9397.61,6578.48,41.18
RET-50723,2024-08-09 06:34:02.269187984,East,Store,Clothing,Cash,4,1254.72,0.1,4.1,5.0,34,5018.88,4516.99,2211.06,2305.93,51.05
RET-50724,2024-08-10 02:03:20.222469408,West,Store,Beauty,Cash,3,832.89,0.15,3.9,2.0,58,2498.67,2123.87,1479.22,644.65,30.35
RET-50725,2024-08-10 21:32:38.175750832,North,Online,Furniture,Debit Card,5,2214.35,0.1,4.8,5.0,66,11071.75,9964.58,7893.35,2071.23,20.79
RET-50726,2024-08-11 17:01:56.129032256,North,Online,Furniture,Credit Card,11,1306.81,0.0,4.5,1.0,132,14374.91,14374.91,9518.74,4856.17,33.78
RET-50727,2024-08-12 12:31:14.082313680,West,Online,Electronics,UPI,12,648.85,0.2,4.1,6.0,42,7786.2,6228.96,4953.37,1275.59,20.48
RET-50728,2024-08-13 08:00:32.035595104,East,Wholesale,Beauty,Credit Card,11,1285.92,0.05,5.0,4.0,103,14145.12,13437.86,9217.68,4220.18,31.41
RET-50729,2024-08-14 03:29:49.988876528,North,Online,Beauty,UPI,6,771.91,0.0,4.2,3.0,12,4631.46,4631.46,3522.78,1108.68,23.94
RET-50730,2024-08-14 22:59:07.942157952,East,Store,Electronics,Cash,14,222.66,0.1,3.6,7.0,242,3117.24,2805.52,1827.83,977.69,34.85
RET-50731,2024-08-15 18:28:25.895439376,West,Online,Office Supplies,Debit Card,8,616.19,0.0,5.0,1.0,152,4929.52,4929.52,3813.17,1116.35,22.65
RET-50732,2024-08-16 13:57:43.848720800,East,Online,Clothing,Credit Card,6,898.3,0.05,3.7,7.0,124,5389.8,5120.31,2631.46,2488.85,48.61
RET-50733,2024-08-17 09:27:01.802002224,South,Online,Beauty,Net Banking,9,853.3,0.1,3.8,6.0,83,7679.7,6911.73,4457.3,2454.43,35.51
RET-50734,2024-08-18 04:56:19.755283648,North,Store,Office Supplies,Credit Card,13,422.79,0.0,3.3,2.0,186,5496.27,5496.27,3176.59,2319.68,42.2
RET-50735,2024-08-19 00:25:37.708565072,South,Online,Beauty,UPI,7,915.41,0.15,3.9,4.0,106,6407.87,5446.69,3096.1,2350.59,43.16
RET-50736,2024-08-19 19:54:55.661846496,North,Wholesale,Furniture,Debit Card,2,1516.31,0.05,4.5,2.0,32,3032.62,2880.99,1949.3,931.69,32.34
RET-50737,2024-08-20 15:24:13.615127920,South,Wholesale,Clothing,Cash,5,547.68,0.1,2.8,2.0,22,2738.4,2464.56,1282.41,1182.15,47.97
RET-50738,2024-08-21 10:53:31.568409344,East,Online,Beauty,Cash,14,1357.48,0.1,3.9,9.0,79,19004.72,17104.25,13496.42,3607.83,21.09
RET-50739,2024-08-22 06:22:49.521690768,North,Store,Clothing,Debit Card,7,307.73,0.05,2.9,3.0,50,2154.11,2046.4,1208.05,838.35,40.97
RET-50740,2024-08-23 01:52:07.474972192,North,Online,Office Supplies,Cash,3,1595.28,0.15,4.9,5.0,248,4785.84,4067.96,2054.98,2012.98,49.48
RET-50741,2024-08-23 21:21:25.428253616,West,Online,Furniture,UPI,13,794.91,0.15,4.0,6.0,89,10333.83,8783.76,4912.41,3871.35,44.07
RET-50742,2024-08-24 16:50:43.381535040,East,Store,Beauty,UPI,6,480.71,0.1,4.9,4.0,199,2884.26,2595.83,1565.94,1029.89,39.67
RET-50743,2024-08-25 12:20:01.334816464,East,Online,Furniture,Credit Card,5,2360.13,0.1,3.9,3.0,105,11800.65,10620.58,6553.82,4066.76,38.29
RET-50744,2024-08-26 07:49:19.288097888,East,Store,Furniture,Net Banking,2,1552.89,0.15,2.9,5.0,206,3105.78,2639.91,1278.28,1361.63,51.58
RET-50745,2024-08-27 03:18:37.241379312,South,Store,Clothing,UPI,14,2126.78,0.0,3.7,4.0,184,29774.92,29774.92,16194.78,13580.14,45.61
RET-50746,2024-08-27 22:47:55.194660736,West,Wholesale,Electronics,Debit Card,12,1403.39,0.15,5.0,3.0,41,16840.68,14314.58,9471.28,4843.3,33.83
RET-50747,2024-08-28 18:17:13.147942160,East,Online,Furniture,Credit Card,6,1437.15,0.05,4.0,5.0,90,8622.9,8191.75,4679.61,3512.14,42.87
RET-50748,2024-08-29 13:46:31.101223584,West,Wholesale,Clothing,UPI,7,893.81,0.0,4.7,3.0,203,6256.67,6256.67,3760.87,2495.8,39.89
RET-50749,2024-08-30 09:15:49.054505008,South,Store,Electronics,Cash,4,1508.39,0.05,3.4,4.0,237,6033.56,5731.88,4066.72,1665.16,29.05
RET-50750,2024-08-31 04:45:07.007786432,East,Store,Furniture,Cash,14,1085.76,0.05,3.7,5.0,110,15200.64,14440.61,10594.03,3846.58,26.64
RET-50751,2024-09-01 00:14:24.961067856,North,Store,Electronics,Debit Card,13,757.09,0.2,4.6,6.0,80,9842.17,7873.74,5219.57,2654.17,33.71
RET-50752,2024-09-01 19:43:42.914349280,West,Store,Office Supplies,Cash,3,1013.82,0.05,4.9,3.0,20,3041.46,2889.39,1799.23,1090.16,37.73
RET-50753,2024-09-02 15:13:00.867630704,South,Online,Electronics,Debit Card,4,500.92,0.05,4.7,2.0,120,2003.68,1903.5,1188.95,714.55,37.54
RET-50754,2024-09-03 10:42:18.820912128,East,Online,Electronics,UPI,13,1126.52,0.15,,4.0,103,14644.76,12448.05,7230.34,5217.71,41.92
RET-50755,2024-09-04 06:11:36.774193552,North,Online,Furniture,Debit Card,4,1523.6,0.15,2.9,5.0,241,6094.4,5180.24,4231.43,948.81,18.32
RET-50756,2024-09-05 01:40:54.727474976,East,Online,Clothing,Cash,6,1241.55,0.1,3.0,6.0,173,7449.3,6704.37,3509.23,3195.14,47.66
RET-50757,2024-09-05 21:10:12.680756400,East,Online,Electronics,Credit Card,12,1654.32,0.15,3.5,4.0,108,19851.84,16874.06,12689.66,4184.4,24.8
RET-50758,2024-09-06 16:39:30.634037824,South,Online,Office Supplies,Debit Card,4,936.33,0.0,3.7,3.0,114,3745.32,3745.32,2177.94,1567.38,41.85
RET-50759,2024-09-07 12:08:48.587319240,South,Store,Furniture,Net Banking,12,1169.73,0.1,4.3,2.0,79,14036.76,12633.08,9766.98,2866.1,22.69
RET-50760,2024-09-08 07:38:06.540600664,West,Online,Office Supplies,Credit Card,10,1166.14,0.0,2.7,2.0,142,11661.4,11661.4,9305.97,2355.43,20.2
RET-50761,2024-09-09 03:07:24.493882088,West,Store,Furniture,Debit Card,3,3991.52,0.0,3.0,4.0,205,11974.56,11974.56,8288.25,3686.31,30.78
RET-50762,2024-09-09 22:36:42.447163512,North,Online,Beauty,Cash,1,493.3,0.2,4.1,2.0,237,493.3,394.64,301.59,93.05,23.58
RET-50763,2024-09-10 18:06:00.400444936,West,Online,Furniture,UPI,3,4227.21,0.2,4.0,4.0,103,12681.63,10145.3,7842.05,2303.25,22.7
RET-50764,2024-09-11 13:35:18.353726360,North,Online,Beauty,Debit Card,8,714.8,0.1,3.7,6.0,33,5718.4,5146.56,3034.37,2112.19,41.04
RET-50765,2024-09-12 09:04:36.307007784,East,Wholesale,Beauty,Debit Card,14,921.92,0.05,5.0,4.0,226,12906.88,12261.54,6269.84,5991.7,48.87
RET-50766,2024-09-13 04:33:54.260289208,East,Store,Electronics,Cash,7,1370.95,0.15,3.3,4.0,139,9596.65,8157.15,6579.66,1577.49,19.34
RET-50767,2024-09-14 00:03:12.213570632,West,Wholesale,Beauty,Cash,2,1666.42,0.05,4.5,5.0,35,3332.84,3166.2,2314.27,851.93,26.91
RET-50768,2024-09-14 19:32:30.166852056,East,Online,Furniture,Net Banking,1,1126.19,0.1,4.0,3.0,57,1126.19,1013.57,787.32,226.25,22.32
RET-50769,2024-09-15 15:01:48.120133480,West,Online,Office Supplies,Net Banking,3,1322.96,0.0,3.7,3.0,42,3968.88,3968.88,1916.19,2052.69,51.72
RET-50770,2024-09-16 10:31:06.073414904,North,Store,Beauty,UPI,7,2817.57,0.1,3.4,5.0,186,19722.99,17750.69,13195.94,4554.75,25.66
RET-50771,2024-09-17 06:00:24.026696328,West,Online,Furniture,Cash,7,6143.38,0.0,2.8,2.0,90,43003.66,43003.66,31972.15,11031.51,25.65
RET-50772,2024-09-18 01:29:41.979977752,West,Online,Office Supplies,Credit Card,5,1495.28,0.05,3.1,7.0,100,7476.4,7102.58,5201.5,1901.08,26.77
RET-50773,2024-09-18 20:58:59.933259176,North,Online,Office Supplies,Net Banking,9,1799.55,0.05,3.7,5.0,154,16195.95,15386.15,12591.36,2794.79,18.16
RET-50774,2024-09-19 16:28:17.886540600,West,Online,Clothing,Cash,4,1077.37,0.1,3.4,6.0,211,4309.48,3878.53,3083.77,794.76,20.49
RET-50775,2024-09-20 11:57:35.839822024,North,Online,Clothing,Net Banking,4,3349.66,0.1,3.4,4.0,196,13398.64,12058.78,9435.17,2623.61,21.76
RET-50776,2024-09-21 07:26:53.793103448,North,Wholesale,Office Supplies,Cash,14,1068.06,0.15,3.9,3.0,143,14952.84,12709.91,7673.36,5036.55,39.63
RET-50777,2024-09-22 02:56:11.746384872,South,Store,Clothing,UPI,8,1595.32,0.15,4.8,5.0,129,12762.56,10848.18,5851.91,4996.27,46.06
RET-50778,2024-09-22 22:25:29.699666296,West,Wholesale,Furniture,UPI,9,586.37,0.0,4.3,8.0,147,5277.33,5277.33,3333.63,1943.7,36.83
RET-50779,2024-09-23 17:54:47.652947720,East,Store,Office Supplies,Net Banking,9,207.25,0.2,4.0,6.0,200,1865.25,1492.2,723.58,768.62,51.51
RET-50780,2024-09-24 13:24:05.606229144,North,Online,Clothing,Credit Card,3,4962.31,0.15,3.3,3.0,237,14886.93,12653.89,8697.42,3956.47,31.27
RET-50781,2024-09-25 08:53:23.559510568,South,Wholesale,Electronics,Cash,9,2287.82,0.05,3.8,1.0,105,20590.38,19560.86,11581.16,7979.7,40.79
RET-50782,2024-09-26 04:22:41.512791992,West,Store,Clothing,Debit Card,11,2077.2,0.1,4.1,4.0,189,22849.2,20564.28,9908.71,10655.57,51.82
RET-50783,2024-09-26 23:51:59.466073416,North,Wholesale,Electronics,Net Banking,1,632.09,0.0,3.5,4.0,31,632.09,632.09,505.86,126.23,19.97
RET-50784,2024-09-27 19:21:17.419354840,South,Store,Clothing,Net Banking,6,403.33,0.0,4.2,2.0,58,2419.98,2419.98,1508.35,911.63,37.67
RET-50785,2024-09-28 14:50:35.372636264,West,Online,Furniture,Debit Card,4,988.37,0.05,3.9,3.0,112,3953.48,3755.81,2902.7,853.11,22.71
RET-50786,2024-09-29 10:19:53.325917688,North,Wholesale,Office Supplies,Cash,9,1242.5,0.1,4.3,7.0,222,11182.5,10064.25,6713.93,3350.32,33.29
RET-50787,2024-09-30 05:49:11.279199112,South,Online,Beauty,UPI,13,1832.81,0.0,5.0,3.0,66,23826.53,23826.53,14530.79,9295.74,39.01
RET-50788,2024-10-01 01:18:29.232480536,South,Online,Furniture,Net Banking,6,1160.7,0.2,4.1,5.0,75,6964.2,5571.36,3084.25,2487.11,44.64
RET-50789,2024-10-01 20:47:47.185761960,East,Online,Beauty,Credit Card,1,2627.0,0.15,4.2,6.0,28,2627.0,2232.95,1617.13,615.82,27.58
RET-50790,2024-10-02 16:17:05.139043384,East,Online,Clothing,Debit Card,9,1441.16,0.05,3.7,6.0,125,12970.44,12321.92,6740.09,5581.83,45.3
RET-50791,2024-10-03 11:46:23.092324808,South,Store,Electronics,Net Banking,5,1406.85,0.15,4.5,6.0,126,7034.25,5979.11,4771.6,1207.51,20.2
RET-50792,2024-10-04 07:15:41.045606232,East,Store,Clothing,Net Banking,10,2435.2,0.1,3.5,3.0,69,24352.0,21916.8,16731.53,5185.27,23.66
RET-50793,2024-10-05 02:44:58.998887656,East,Store,Clothing,UPI,2,750.47,0.05,4.0,5.0,45,1500.94,1425.89,950.03,475.86,33.37
RET-50794,2024-10-05 22:14:16.952169080,South,Wholesale,Beauty,Net Banking,4,1477.12,0.1,2.7,1.0,92,5908.48,5317.63,3871.71,1445.92,27.19
RET-50795,2024-10-06 17:43:34.905450504,South,Store,Clothing,Cash,6,806.98,0.0,5.0,2.0,152,4841.88,4841.88,2704.62,2137.26,44.14
RET-50796,2024-10-07 13:12:52.858731928,East,Wholesale,Electronics,Debit Card,12,747.19,0.1,4.7,6.0,53,8966.28,8069.65,5225.08,2844.57,35.25
RET-50797,2024-10-08 08:42:10.812013352,South,Wholesale,Beauty,UPI,8,3050.79,0.15,3.3,6.0,233,24406.32,20745.37,15205.14,5540.23,26.71
RET-50798,2024-10-09 04:11:28.765294776,South,Store,Clothing,Net Banking,9,2329.49,0.0,5.0,6.0,172,20965.41,20965.41,11951.44,9013.97,42.99
RET-50799,2024-10-09 23:40:46.718576200,North,Online,Furniture,Net Banking,10,1628.76,0.0,4.2,5.0,242,16287.6,16287.6,10003.43,6284.17,38.58
RET-50800,2024-10-10 19:10:04.671857616,South,Online,Furniture,Credit Card,9,2678.16,0.05,4.4,6.0,249,24103.44,22898.27,18351.44,4546.83,19.86
RET-50801,2024-10-11 14:39:22.625139040,West,Online,Furniture,Debit Card,13,1469.92,0.0,4.1,4.0,74,19108.96,19108.96,12019.61,7089.35,37.1
RET-50802,2024-10-12 10:08:40.578420464,East,Store,Office Supplies,Debit Card,4,2756.84,0.0,3.8,2.0,199,11027.36,11027.36,5738.96,5288.4,47.96
RET-50803,2024-10-13 05:37:58.531701888,West,Wholesale,Electronics,Debit Card,9,670.66,0.15,4.5,5.0,220,6035.94,5130.55,3056.29,2074.26,40.43
RET-50804,2024-10-14 01:07:16.484983312,East,Store,Furniture,Credit Card,4,1052.28,0.05,3.7,7.0,65,4209.12,3998.66,2215.98,1782.68,44.58
RET-50805,2024-10-14 20:36:34.438264736,East,Store,Furniture,UPI,8,1479.23,0.1,3.3,8.0,134,11833.84,10650.46,5117.72,5532.74,51.95
RET-50806,2024-10-15 16:05:52.391546160,West,Wholesale,Beauty,UPI,6,605.7,0.05,4.8,5.0,153,3634.2,3452.49,2785.89,666.6,19.31
RET-50807,2024-10-16 11:35:10.344827584,West,Store,Office Supplies,Net Banking,13,751.36,0.05,3.9,2.0,125,9767.68,9279.3,5754.19,3525.11,37.99
RET-50808,2024-10-17 07:04:28.298109008,North,Online,Furniture,Debit Card,1,521.39,0.1,4.6,5.0,131,521.39,469.25,297.59,171.66,36.58
RET-50809,2024-10-18 02:33:46.251390432,North,Store,Furniture,Cash,8,1789.82,0.15,3.9,4.0,26,14318.56,12170.78,5996.32,6174.46,50.73
RET-50810,2024-10-18 22:03:04.204671856,West,Store,Furniture,Net Banking,1,860.1,0.1,4.6,3.0,59,860.1,774.09,466.73,307.36,39.71
RET-50811,2024-10-19 17:32:22.157953280,East,Wholesale,Office Supplies,Cash,6,1377.52,0.05,2.8,5.0,105,8265.12,7851.86,4016.17,3835.69,48.85
RET-50812,2024-10-20 13:01:40.111234704,North,Store,Furniture,Net Banking,10,1623.01,0.1,4.5,3.0,179,16230.1,14607.09,7311.25,7295.84,49.95
RET-50813,2024-10-21 08:30:58.064516128,West,Online,Electronics,Cash,4,1047.46,0.05,4.3,4.0,112,4189.84,3980.35,2666.54,1313.81,33.01
RET-50814,2024-10-22 04:00:16.017797552,North,Wholesale,Furniture,Net Banking,5,1176.82,0.05,3.4,6.0,224,5884.1,5589.9,4394.61,1195.29,21.38
RET-50815,2024-10-22 23:29:33.971078976,East,Store,Beauty,UPI,10,1266.61,0.0,4.4,2.0,236,12666.1,12666.1,7167.69,5498.41,43.41
RET-50816,2024-10-23 18:58:51.924360400,East,Online,Clothing,UPI,11,1523.89,0.05,4.4,,27,16762.79,15924.65,10517.33,5407.32,33.96
RET-50817,2024-10-24 14:28:09.877641824,North,Store,Furniture,Cash,10,2744.91,0.1,4.0,4.0,89,27449.1,24704.19,15419.59,9284.6,37.58
RET-50818,2024-10-25 09:57:27.830923248,North,Online,Beauty,Net Banking,2,573.12,0.1,4.5,5.0,190,1146.24,1031.62,716.56,315.06,30.54
RET-50819,2024-10-26 05:26:45.784204672,East,Online,Furniture,UPI,5,1229.05,0.15,3.5,8.0,211,6145.25,5223.46,4140.91,1082.55,20.72
RET-50820,2024-10-27 00:56:03.737486096,East,Store,Clothing,Cash,11,537.69,0.05,3.4,3.0,107,5914.59,5618.86,2992.01,2626.85,46.75
RET-50821,2024-10-27 20:25:21.690767520,North,Store,Clothing,Credit Card,13,2936.98,0.1,3.0,4.0,59,38180.74,34362.67,23527.68,10834.99,31.53
RET-50822,2024-10-28 15:54:39.644048944,South,Online,Beauty,Net Banking,3,358.84,0.1,4.3,6.0,87,1076.52,968.87,753.45,215.42,22.23
RET-50823,2024-10-29 11:23:57.597330368,South,Online,Office Supplies,Cash,6,1291.07,0.15,4.1,5.0,17,7746.42,6584.46,4486.72,2097.74,31.86
RET-50824,2024-10-30 06:53:15.550611792,West,Store,Electronics,UPI,13,888.39,0.2,2.9,9.0,248,11549.07,9239.26,5464.34,3774.92,40.86
RET-50825,2024-10-31 02:22:33.503893216,East,Store,Office Supplies,Cash,2,802.91,0.1,4.4,6.0,59,1605.82,1445.24,726.07,719.17,49.76
RET-50826,2024-10-31 21:51:51.457174640,West,Online,Office Supplies,Debit Card,13,1833.27,0.05,4.6,5.0,82,23832.51,22640.88,15021.75,7619.13,33.65
RET-50827,2024-11-01 17:21:09.410456064,North,Online,Beauty,Net Banking,6,1630.23,0.15,5.0,3.0,244,9781.38,8314.17,5453.23,2860.94,34.41
RET-50828,2024-11-02 12:50:27.363737488,South,Store,Furniture,Credit Card,10,628.31,0.0,4.0,5.0,135,6283.1,6283.1,3853.97,2429.13,38.66
RET-50829,2024-11-03 08:19:45.317018912,East,Wholesale,Beauty,Cash,7,1560.22,0.1,5.0,8.0,150,10921.54,9829.39,5857.92,3971.47,40.4
RET-50830,2024-11-04 03:49:03.270300336,East,Store,Clothing,UPI,6,1394.12,0.15,3.0,5.0,159,8364.72,7110.01,3606.71,3503.3,49.27
RET-50831,2024-11-04 23:18:21.223581760,North,Store,Clothing,Cash,6,719.11,0.15,4.8,2.0,155,4314.66,3667.46,2196.36,1471.1,40.11
RET-50832,2024-11-05 18:47:39.176863184,North,Online,Furniture,Cash,1,455.67,0.0,4.6,,207,455.67,455.67,305.54,150.13,32.95
RET-50833,2024-11-06 14:16:57.130144608,North,Online,Furniture,Cash,13,1923.59,0.1,3.9,3.0,102,25006.67,22506.0,18117.09,4388.91,19.5
RET-50834,2024-11-07 09:46:15.083426032,East,Online,Furniture,Cash,11,1808.23,0.05,4.5,5.0,98,19890.53,18896.0,14457.34,4438.66,23.49
RET-50835,2024-11-08 05:15:33.036707456,North,Online,Electronics,Cash,13,1613.61,0.0,2.6,4.0,129,20976.93,20976.93,12456.22,8520.71,40.62
RET-50836,2024-11-09 00:44:50.989988880,West,Store,Office Supplies,Net Banking,8,825.89,0.15,4.1,3.0,200,6607.12,5616.05,4320.44,1295.61,23.07
RET-50837,2024-11-09 20:14:08.943270304,South,Store,Office Supplies,Credit Card,14,2513.93,0.05,4.3,3.0,20,35195.02,33435.27,20924.93,12510.34,37.42
RET-50838,2024-11-10 15:43:26.896551728,East,Store,Beauty,Net Banking,2,10476.29,0.1,4.1,4.0,62,20952.58,18857.32,11035.39,7821.93,41.48
RET-50839,2024-11-11 11:12:44.849833152,South,Store,Clothing,Credit Card,6,1280.68,0.05,4.5,5.0,39,7684.08,7299.88,4681.83,2618.05,35.86
RET-50840,2024-11-12 06:42:02.803114576,South,Online,Electronics,Credit Card,8,1622.6,0.05,4.5,6.0,242,12980.8,12331.76,7347.75,4984.01,40.42
RET-50841,2024-11-13 02:11:20.756395992,South,Online,Beauty,UPI,7,683.68,0.15,3.1,4.0,93,4785.76,4067.9,2373.22,1694.68,41.66
RET-50842,2024-11-13 21:40:38.709677416,South,Store,Furniture,UPI,1,687.46,0.15,4.3,7.0,132,687.46,584.34,442.13,142.21,24.34
RET-50843,2024-11-14 17:09:56.662958840,West,Wholesale,Furniture,Net Banking,2,3553.62,0.0,3.6,1.0,112,7107.24,7107.24,4799.51,2307.73,32.47
RET-50844,2024-11-15 12:39:14.616240264,South,Online,Furniture,Debit Card,7,4946.3,0.1,4.8,7.0,48,34624.1,31161.69,25270.36,5891.33,18.91
RET-50845,2024-11-16 08:08:32.569521688,East,Online,Electronics,Debit Card,12,981.68,0.0,4.2,1.0,50,11780.16,11780.16,8287.69,3492.47,29.65
RET-50846,2024-11-17 03:37:50.522803112,West,Store,Electronics,Net Banking,9,754.78,0.0,4.7,3.0,249,6793.02,6793.02,5503.75,1289.27,18.98
RET-50847,2024-11-17 23:07:08.476084536,,Online,Electronics,Net Banking,5,635.73,0.0,5.0,4.0,245,3178.65,3178.65,2096.22,1082.43,34.05
RET-50848,2024-11-18 18:36:26.429365960,East,Online,Furniture,Net Banking,12,775.72,0.15,4.8,3.0,201,9308.64,7912.34,5331.44,2580.9,32.62
RET-50849,2024-11-19 14:05:44.382647384,South,Wholesale,Clothing,UPI,13,1186.54,0.15,2.6,8.0,93,15425.02,13111.27,10707.33,2403.94,18.33
RET-50850,2024-11-20 09:35:02.335928808,North,Online,Furniture,Credit Card,5,514.02,0.05,3.3,3.0,156,2570.1,2441.59,1893.0,548.59,22.47
RET-50851,2024-11-21 05:04:20.289210232,North,Store,Clothing,UPI,13,725.63,0.0,4.0,8.0,25,9433.19,9433.19,5486.25,3946.94,41.84
RET-50852,2024-11-22 00:33:38.242491656,South,Online,Beauty,Credit Card,4,2102.85,0.0,4.2,1.0,173,8411.4,8411.4,5124.01,3287.39,39.08
RET-50853,2024-11-22 20:02:56.195773080,South,Wholesale,Beauty,Credit Card,9,1025.56,0.0,4.1,1.0,47,9230.04,9230.04,6838.38,2391.66,25.91
RET-50854,2024-11-23 15:32:14.149054504,South,Wholesale,Beauty,Debit Card,5,689.83,0.15,4.0,5.0,188,3449.15,2931.78,1938.73,993.05,33.87
RET-50855,2024-11-24 11:01:32.102335928,West,Store,Clothing,UPI,11,535.08,0.05,4.6,2.0,236,5885.88,5591.59,2759.54,2832.05,50.65
RET-50856,2024-11-25 06:30:50.055617352,South,Wholesale,Office Supplies,Net Banking,1,2268.05,0.0,3.5,2.0,29,2268.05,2268.05,1846.41,421.64,18.59
RET-50857,2024-11-26 02:00:08.008898776,East,Wholesale,Electronics,Cash,1,579.28,0.15,4.3,4.0,24,579.28,492.39,322.46,169.93,34.51
RET-50858,2024-11-26 21:29:25.962180200,West,Store,Beauty,Cash,14,1037.08,0.15,3.8,,215,14519.12,12341.25,6853.27,5487.98,44.47
RET-50859,2024-11-27 16:58:43.915461624,East,Store,Furniture,Net Banking,3,2166.44,0.05,4.7,3.0,216,6499.32,6174.35,4416.55,1757.8,28.47
RET-50860,2024-11-28 12:28:01.868743048,West,Wholesale,Office Supplies,Credit Card,13,1609.12,0.05,4.2,3.0,21,20918.56,19872.63,15018.07,4854.56,24.43
RET-50861,2024-11-29 07:57:19.822024472,West,Store,Office Supplies,Cash,10,1371.15,0.05,3.3,4.0,73,13711.5,13025.92,7785.23,5240.69,40.23
RET-50862,2024-11-30 03:26:37.775305896,South,Store,Office Supplies,Debit Card,9,1379.69,0.1,3.3,5.0,20,12417.21,11175.49,8064.2,3111.29,27.84
RET-50863,2024-11-30 22:55:55.728587320,South,Store,Beauty,Cash,11,616.5,0.05,5.0,6.0,219,6781.5,6442.42,3673.75,2768.67,42.98
RET-50864,2024-12-01 18:25:13.681868744,East,Store,Beauty,Credit Card,2,713.96,0.05,4.5,4.0,11,1427.92,1356.52,1019.8,336.72,24.82
RET-50865,2024-12-02 13:54:31.635150168,North,Online,Electronics,Credit Card,1,841.96,0.15,4.5,2.0,89,841.96,715.67,457.96,257.71,36.01
RET-50866,2024-12-03 09:23:49.588431592,North,Online,Beauty,Net Banking,2,178.14,0.0,3.7,3.0,247,356.28,356.28,207.75,148.53,41.69
RET-50867,2024-12-04 04:53:07.541713016,North,Online,Clothing,Debit Card,1,868.72,0.0,3.8,3.0,216,868.72,868.72,420.96,447.76,51.54
RET-50868,2024-12-05 00:22:25.494994440,South,Online,Office Supplies,UPI,14,1065.73,0.0,2.6,6.0,39,14920.22,14920.22,8887.88,6032.34,40.43
RET-50869,2024-12-05 19:51:43.448275864,East,Online,Electronics,Net Banking,7,1077.32,0.0,4.5,2.0,120,7541.24,7541.24,3818.84,3722.4,49.36
RET-50870,2024-12-06 15:21:01.401557288,East,Store,Electronics,Credit Card,2,1049.82,0.0,4.0,6.0,71,2099.64,2099.64,1280.31,819.33,39.02
RET-50871,2024-12-07 10:50:19.354838712,East,Store,Beauty,UPI,5,1297.1,0.15,4.8,2.0,11,6485.5,5512.68,3719.66,1793.02,32.53
RET-50872,2024-12-08 06:19:37.308120136,South,Store,Office Supplies,Net Banking,3,1353.53,0.15,4.9,5.0,113,4060.59,3451.5,2478.98,972.52,28.18
RET-50873,2024-12-09 01:48:55.261401560,North,Store,Furniture,Cash,13,3268.99,0.2,4.1,4.0,150,42496.87,33997.5,20826.05,13171.45,38.74
RET-50874,2024-12-09 21:18:13.214682984,South,Online,Electronics,Cash,11,1257.96,0.05,4.3,6.0,138,13837.56,13145.68,8987.61,4158.07,31.63
RET-50875,2024-12-10 16:47:31.167964408,West,Store,Electronics,UPI,1,1976.16,0.2,4.7,6.0,61,1976.16,1580.93,1022.6,558.33,35.32
RET-50876,2024-12-11 12:16:49.121245832,East,Online,Beauty,UPI,5,776.01,0.15,3.8,4.0,196,3880.05,3298.04,2442.49,855.55,25.94
RET-50877,2024-12-12 07:46:07.074527256,East,Online,Beauty,Credit Card,10,1407.72,0.05,4.6,3.0,229,14077.2,13373.34,9091.63,4281.71,32.02
RET-50878,2024-12-13 03:15:25.027808680,North,Online,Office Supplies,UPI,6,1376.92,0.1,2.8,6.0,177,8261.52,7435.37,4675.84,2759.53,37.11
RET-50879,2024-12-13 22:44:42.981090104,South,Wholesale,Clothing,UPI,4,985.69,0.1,4.4,3.0,103,3942.76,3548.48,2473.62,1074.86,30.29
RET-50880,2024-12-14 18:14:00.934371528,South,Store,Clothing,Net Banking,6,378.53,0.0,3.8,5.0,199,2271.18,2271.18,1314.85,956.33,42.11
RET-50881,2024-12-15 13:43:18.887652952,North,Online,Electronics,Cash,6,479.19,0.15,4.1,5.0,247,2875.14,2443.87,1928.22,515.65,21.1
RET-50882,2024-12-16 09:12:36.840934368,East,Wholesale,Furniture,Cash,10,1530.11,0.1,3.3,4.0,229,15301.1,13770.99,10839.81,2931.18,21.29
RET-50883,2024-12-17 04:41:54.794215792,West,Online,Office Supplies,Net Banking,8,1107.46,0.05,3.5,3.0,11,8859.68,8416.7,4708.02,3708.68,44.06
RET-50884,2024-12-18 00:11:12.747497216,East,Online,Office Supplies,Net Banking,7,976.99,0.1,3.6,6.0,51,6838.93,6155.04,4432.02,1723.02,27.99
RET-50885,2024-12-18 19:40:30.700778640,North,Store,Furniture,Cash,9,739.0,0.1,4.0,5.0,114,6651.0,5985.9,3139.44,2846.46,47.55
RET-50886,2024-12-19 15:09:48.654060064,West,Store,Beauty,Net Banking,12,1215.83,0.0,3.5,3.0,220,14589.96,14589.96,10160.15,4429.81,30.36
RET-50887,2024-12-20 10:39:06.607341488,North,Online,Beauty,Credit Card,2,1662.67,0.05,3.0,2.0,94,3325.34,3159.07,2587.02,572.05,18.11
RET-50888,2024-12-21 06:08:24.560622912,North,Store,Beauty,UPI,7,3830.07,0.0,5.0,6.0,120,26810.49,26810.49,18950.56,7859.93,29.32
RET-50889,2024-12-22 01:37:42.513904336,North,Store,Clothing,Debit Card,11,1141.1,0.05,4.4,8.0,45,12552.1,11924.5,7856.35,4068.15,34.12
RET-50890,2024-12-22 21:07:00.467185760,West,Wholesale,Clothing,Credit Card,5,1029.3,0.05,3.4,4.0,148,5146.5,4889.18,2919.81,1969.37,40.28
RET-50891,2024-12-23 16:36:18.420467184,East,Store,Electronics,Debit Card,13,1376.63,0.0,3.8,4.0,173,17896.19,17896.19,14620.75,3275.44,18.3
RET-50892,2024-12-24 12:05:36.373748608,North,Online,Beauty,Cash,3,2457.33,0.0,3.9,6.0,22,7371.99,7371.99,4485.2,2886.79,39.16
RET-50893,2024-12-25 07:34:54.327030032,West,Online,Furniture,Credit Card,1,5155.93,0.0,,3.0,146,5155.93,5155.93,3146.81,2009.12,38.97
RET-50894,2024-12-26 03:04:12.280311456,East,Online,Office Supplies,Credit Card,11,1664.93,0.1,3.4,2.0,109,18314.23,16482.81,10708.47,5774.34,35.03
RET-50895,2024-12-26 22:33:30.233592880,West,Online,Office Supplies,Net Banking,11,456.79,0.15,3.5,6.0,194,5024.69,4270.99,3153.57,1117.42,26.16
RET-50896,2024-12-27 18:02:48.186874304,South,Online,Clothing,Credit Card,4,1180.2,0.05,4.5,4.0,212,4720.8,4484.76,2315.96,2168.8,48.36
RET-50897,2024-12-28 13:32:06.140155728,South,Online,Beauty,,14,556.89,0.05,5.0,7.0,106,7796.46,7406.64,4232.35,3174.29,42.86
RET-50898,2024-12-29 09:01:24.093437152,West,Store,Office Supplies,Net Banking,9,623.0,0.15,4.5,5.0,104,5607.0,4765.95,3224.44,1541.51,32.34
RET-50899,2024-12-30 04:30:42.046718576,North,Wholesale,Electronics,UPI,1,3760.69,0.05,4.0,6.0,121,3760.69,3572.66,1942.81,1629.85,45.62
RET-50900,2024-12-31 00:00:00.000000000,North,Wholesale,Office Supplies,Cash,9,929.99,0.1,3.1,3.0,122,8369.91,7532.92,4967.42,2565.5,34.06
RET-50021,2023-01-17 05:45:59.065628476,East,Store,Clothing,Cash,3,1067.16,0.1,4.0,4.0,93,3201.48,2881.33,2306.36,574.97,19.96
RET-50121,2023-04-08 10:35:54.393770857,East,Store,Beauty,Net Banking,13,1160.68,0.1,3.6,5.0,58,15088.84,13579.96,8016.89,5563.07,40.97
RET-50451,2024-01-01 09:44:38.976640712,East,Online,Beauty,Debit Card,6,1034.87,0.05,4.0,4.0,228,6209.22,5898.76,3104.42,2794.34,47.37
RET-50701,2024-07-22 09:49:27.296996664,East,Online,Clothing,UPI,11,700.56,0.05,3.0,5.0,129,7706.16,7320.85,4433.93,2886.92,39.43
